accession	sim_cov	dbtype	Elapsed	Maximum	total_readcounts	usage	database_type
GCF_016889925.1	20	db_all	157	14.281	1.663	0.6575	Not Customized
(4063 Species)
GCF_016889925.1	20	db_correct	41	0.122	1.663	0.99375	Customized
(2 Species)
GCF_016889925.1	20	db_strains	69	0.416	1.663	0.98625	Intermediate
(162 Species)
GCF_016889925.1	50	db_all	257	14.282	4.156	0.9625	Not Customized
(4063 Species)
GCF_016889925.1	50	db_correct	127	0.123	4.156	0.99875	Customized
(2 Species)
GCF_016889925.1	50	db_strains	171	0.417	4.156	0.9975	Intermediate
(162 Species)
GCF_000159875.2	20	db_all	141	14.28	2.06	0.935	Not Customized
(4063 Species)
GCF_000159875.2	20	db_correct	60	0.13	2.06	0.9975	Customized
(2 Species)
GCF_000159875.2	20	db_strains	80	0.416	2.06	0.98875	Intermediate
(162 Species)
GCF_000159875.2	50	db_all	344	14.281	5.15	0.97375	Not Customized
(4063 Species)
GCF_000159875.2	50	db_correct	141	0.13	5.15	0.99875	Customized
(2 Species)
GCF_000159875.2	50	db_strains	188	0.418	5.15	0.9975	Intermediate
(162 Species)
GCF_016117815.1	20	db_all	99	14.279	1.472	0.91	Not Customized
(4063 Species)
GCF_016117815.1	20	db_correct	29	0.121	1.472	0.99375	Customized
(2 Species)
GCF_016117815.1	20	db_strains	44	0.415	1.472	0.97875	Intermediate
(162 Species)
GCF_016117815.1	50	db_all	230	14.281	3.679	0.96	Not Customized
(4063 Species)
GCF_016117815.1	50	db_correct	76	0.122	3.679	0.9975	Customized
(2 Species)
GCF_016117815.1	50	db_strains	100	0.415	3.679	0.99625	Intermediate
(162 Species)
GCF_902373865.1	20	db_all	65	14.275	0.858	0.8625	Not Customized
(4063 Species)
GCF_902373865.1	20	db_correct	22	0.117	0.858	0.99375	Customized
(2 Species)
GCF_902373865.1	20	db_strains	27	0.41	0.858	0.95875	Intermediate
(162 Species)
GCF_902373865.1	50	db_all	154	14.276	2.145	0.94	Not Customized
(4063 Species)
GCF_902373865.1	50	db_correct	57	0.119	2.145	0.9975	Customized
(2 Species)
GCF_902373865.1	50	db_strains	68	0.412	2.145	0.995	Intermediate
(162 Species)
GCF_902373725.1	20	db_all	96	14.281	1.266	0.90625	Not Customized
(4063 Species)
GCF_902373725.1	20	db_correct	41	0.123	1.266	0.99625	Customized
(2 Species)
GCF_902373725.1	20	db_strains	46	0.415	1.266	0.98125	Intermediate
(162 Species)
GCF_902373725.1	50	db_all	223	14.282	3.165	0.95875	Not Customized
(4063 Species)
GCF_902373725.1	50	db_correct	99	0.124	3.165	0.99875	Customized
(2 Species)
GCF_902373725.1	50	db_strains	115	0.416	3.165	0.9975	Intermediate
(162 Species)
GCF_900637145.1	20	db_all	61	14.278	0.851	0.85125	Not Customized
(4063 Species)
GCF_900637145.1	20	db_correct	20	0.114	0.851	0.9925	Customized
(2 Species)
GCF_900637145.1	20	db_strains	29	0.412	0.851	0.96125	Intermediate
(162 Species)
GCF_900637145.1	50	db_all	132	14.28	2.128	0.93125	Not Customized
(4063 Species)
GCF_900637145.1	50	db_correct	49	0.114	2.128	0.9975	Customized
(2 Species)
GCF_900637145.1	50	db_strains	66	0.412	2.128	0.99625	Intermediate
(162 Species)
GCF_902381755.1	20	db_all	51	14.28	0.647	0.82625	Not Customized
(4063 Species)
GCF_902381755.1	20	db_correct	14	0.111	0.647	0.99125	Customized
(2 Species)
GCF_902381755.1	20	db_strains	27	0.411	0.647	0.96125	Intermediate
(162 Species)
GCF_902381755.1	50	db_all	112	14.28	1.618	0.92	Not Customized
(4063 Species)
GCF_902381755.1	50	db_correct	36	0.111	1.618	0.99625	Customized
(2 Species)
GCF_902381755.1	50	db_strains	64	0.411	1.618	0.995	Intermediate
(162 Species)
GCF_016894205.1	20	db_all	87	14.28	1.276	0.8975	Not Customized
(4063 Species)
GCF_016894205.1	20	db_correct	22	0.113	1.276	0.9925	Customized
(2 Species)
GCF_016894205.1	20	db_strains	39	0.416	1.276	0.9775	Intermediate
(162 Species)
GCF_016894205.1	50	db_all	203	14.281	3.191	0.955	Not Customized
(4063 Species)
GCF_016894205.1	50	db_correct	58	0.113	3.191	0.995	Customized
(2 Species)
GCF_016894205.1	50	db_strains	96	0.416	3.191	0.99625	Intermediate
(162 Species)
GCF_020149745.1	20	db_all	150	14.28	2.053	0.94	Not Customized
(4063 Species)
GCF_020149745.1	20	db_correct	58	0.124	2.053	0.99625	Customized
(2 Species)
GCF_020149745.1	20	db_strains	85	0.418	2.053	0.99	Intermediate
(162 Species)
GCF_020149745.1	50	db_all	366	14.281	5.133	0.975	Not Customized
(4063 Species)
GCF_020149745.1	50	db_correct	158	0.124	5.133	0.99875	Customized
(2 Species)
GCF_020149745.1	50	db_strains	211	0.418	5.133	0.99875	Intermediate
(162 Species)
GCF_900187175.1	20	db_all	70	14.281	1.241	0.8725	Not Customized
(4063 Species)
GCF_900187175.1	20	db_correct	24	0.119	1.241	0.9925	Customized
(2 Species)
GCF_900187175.1	20	db_strains	34	0.413	1.241	0.96625	Intermediate
(162 Species)
GCF_900187175.1	50	db_all	165	14.282	3.102	0.945	Not Customized
(4063 Species)
GCF_900187175.1	50	db_correct	64	0.121	3.102	0.99625	Customized
(2 Species)
GCF_900187175.1	50	db_strains	80	0.413	3.102	0.99625	Intermediate
(162 Species)
GCF_020735565.1	20	db_all	65	14.28	0.964	0.86375	Not Customized
(4063 Species)
GCF_020735565.1	20	db_correct	19	0.12	0.964	0.9925	Customized
(2 Species)
GCF_020735565.1	20	db_strains	25	0.412	0.964	0.95125	Intermediate
(162 Species)
GCF_020735565.1	50	db_all	145	14.281	2.41	0.9375	Not Customized
(4063 Species)
GCF_020735565.1	50	db_correct	48	0.12	2.41	0.99625	Customized
(2 Species)
GCF_020735565.1	50	db_strains	61	0.413	2.41	0.995	Intermediate
(162 Species)
GCF_902373765.1	20	db_all	62	14.282	0.903	0.855	Not Customized
(4063 Species)
GCF_902373765.1	20	db_correct	19	0.121	0.903	0.99125	Customized
(2 Species)
GCF_902373765.1	20	db_strains	23	0.412	0.903	0.95375	Intermediate
(162 Species)
GCF_902373765.1	50	db_all	135	14.282	2.258	0.93375	Not Customized
(4063 Species)
GCF_902373765.1	50	db_correct	45	0.122	2.258	0.99625	Customized
(2 Species)
GCF_902373765.1	50	db_strains	56	0.412	2.258	0.995	Intermediate
(162 Species)
GCF_003470975.1	20	db_all	69	14.281	0.954	0.86875	Not Customized
(4063 Species)
GCF_003470975.1	20	db_correct	18	0.116	0.954	0.99125	Customized
(2 Species)
GCF_003470975.1	20	db_strains	27	0.412	0.954	0.9575	Intermediate
(162 Species)
GCF_003470975.1	50	db_all	153	14.282	2.385	0.94125	Not Customized
(4063 Species)
GCF_003470975.1	50	db_correct	46	0.116	2.385	0.99625	Customized
(2 Species)
GCF_003470975.1	50	db_strains	67	0.413	2.385	0.995	Intermediate
(162 Species)
GCF_016904015.1	20	db_all	67	14.282	0.984	0.865	Not Customized
(4063 Species)
GCF_016904015.1	20	db_correct	16	0.111	0.984	0.99	Customized
(2 Species)
GCF_016904015.1	20	db_strains	25	0.414	0.984	0.95625	Intermediate
(162 Species)
GCF_016904015.1	50	db_all	150	14.283	2.459	0.93875	Not Customized
(4063 Species)
GCF_016904015.1	50	db_correct	39	0.111	2.459	0.995	Customized
(2 Species)
GCF_016904015.1	50	db_strains	58	0.414	2.459	0.995	Intermediate
(162 Species)
GCF_020735745.1	20	db_all	64	14.281	0.891	0.86	Not Customized
(4063 Species)
GCF_020735745.1	20	db_correct	25	0.119	0.891	0.99375	Customized
(2 Species)
GCF_020735745.1	20	db_strains	31	0.414	0.891	0.97125	Intermediate
(162 Species)
GCF_020735745.1	50	db_all	151	14.282	2.227	0.94	Not Customized
(4063 Species)
GCF_020735745.1	50	db_correct	62	0.12	2.227	0.9975	Customized
(2 Species)
GCF_020735745.1	50	db_strains	76	0.414	2.227	0.99625	Intermediate
(162 Species)
GCF_018140635.1	20	db_all	77	14.281	1.096	0.885	Not Customized
(4063 Species)
GCF_018140635.1	20	db_correct	27	0.123	1.096	0.995	Customized
(2 Species)
GCF_018140635.1	20	db_strains	37	0.414	1.096	0.9775	Intermediate
(162 Species)
GCF_018140635.1	50	db_all	180	14.283	2.739	0.95	Not Customized
(4063 Species)
GCF_018140635.1	50	db_correct	71	0.124	2.739	0.9975	Customized
(2 Species)
GCF_018140635.1	50	db_strains	89	0.415	2.739	0.99625	Intermediate
(162 Species)
GCF_902387655.1	20	db_all	49	14.279	0.694	0.82	Not Customized
(4063 Species)
GCF_902387655.1	20	db_correct	17	0.109	0.694	0.9925	Customized
(2 Species)
GCF_902387655.1	20	db_strains	22	0.411	0.694	0.95125	Intermediate
(162 Species)
GCF_902387655.1	50	db_all	113	14.281	1.735	0.91875	Not Customized
(4063 Species)
GCF_902387655.1	50	db_correct	45	0.109	1.735	0.9975	Customized
(2 Species)
GCF_902387655.1	50	db_strains	52	0.411	1.735	0.995	Intermediate
(162 Species)
GCF_902373885.1	20	db_all	68	14.282	0.935	0.86875	Not Customized
(4063 Species)
GCF_902373885.1	20	db_correct	15	0.118	0.935	0.99	Customized
(2 Species)
GCF_902373885.1	20	db_strains	26	0.413	0.935	0.96625	Intermediate
(162 Species)
GCF_902373885.1	50	db_all	152	14.283	2.337	0.94	Not Customized
(4063 Species)
GCF_902373885.1	50	db_correct	39	0.118	2.337	0.99625	Customized
(2 Species)
GCF_902373885.1	50	db_strains	62	0.414	2.337	0.995	Intermediate
(162 Species)
GCF_020735605.1	20	db_all	165	14.281	1.417	0.66625	Not Customized
(4063 Species)
GCF_020735605.1	20	db_correct	38	0.123	1.417	0.99375	Customized
(2 Species)
GCF_020735605.1	20	db_strains	63	0.41	1.417	0.98375	Intermediate
(162 Species)
GCF_020735605.1	50	db_all	294	14.282	3.543	0.9675	Not Customized
(4063 Species)
GCF_020735605.1	50	db_correct	128	0.124	3.543	0.99875	Customized
(2 Species)
GCF_020735605.1	50	db_strains	124	0.41	3.543	0.9975	Intermediate
(162 Species)
GCF_002222615.2	20	db_all	121	14.28	1.707	0.92125	Not Customized
(4063 Species)
GCF_002222615.2	20	db_correct	38	0.127	1.707	0.995	Customized
(2 Species)
GCF_002222615.2	20	db_strains	66	0.41	1.707	0.98625	Intermediate
(162 Species)
GCF_002222615.2	50	db_all	287	14.281	4.266	0.9675	Not Customized
(4063 Species)
GCF_002222615.2	50	db_correct	103	0.127	4.266	0.9975	Customized
(2 Species)
GCF_002222615.2	50	db_strains	143	0.41	4.266	0.9825	Intermediate
(162 Species)
GCF_902373875.1	20	db_all	56	14.277	0.795	0.82625	Not Customized
(4063 Species)
GCF_902373875.1	20	db_correct	17	0.114	0.795	0.9825	Customized
(2 Species)
GCF_902373875.1	20	db_strains	24	0.411	0.795	0.88	Intermediate
(162 Species)
GCF_902373875.1	50	db_all	123	14.278	1.988	0.92625	Not Customized
(4063 Species)
GCF_902373875.1	50	db_correct	43	0.115	1.988	0.99625	Customized
(2 Species)
GCF_902373875.1	50	db_strains	53	0.412	1.988	0.995	Intermediate
(162 Species)
GCF_003468235.1	20	db_all	132	14.282	2.258	0.93	Not Customized
(4063 Species)
GCF_003468235.1	20	db_correct	56	0.133	2.258	0.99125	Customized
(2 Species)
GCF_003468235.1	20	db_strains	74	0.419	2.258	0.9675	Intermediate
(162 Species)
GCF_003468235.1	50	db_all	310	14.283	5.644	0.97	Not Customized
(4063 Species)
GCF_003468235.1	50	db_correct	144	0.134	5.644	0.99875	Customized
(2 Species)
GCF_003468235.1	50	db_strains	174	0.419	5.644	0.98625	Intermediate
(162 Species)
GCF_016889665.1	20	db_all	118	14.282	1.677	0.92125	Not Customized
(4063 Species)
GCF_016889665.1	20	db_correct	32	0.121	1.677	0.9875	Customized
(2 Species)
GCF_016889665.1	20	db_strains	44	0.414	1.677	0.9475	Intermediate
(162 Species)
GCF_016889665.1	50	db_all	287	14.283	4.193	0.9675	Not Customized
(4063 Species)
GCF_016889665.1	50	db_correct	78	0.122	4.193	0.995	Customized
(2 Species)
GCF_016889665.1	50	db_strains	106	0.415	4.193	0.99625	Intermediate
(162 Species)
GCF_000203855.3	20	db_all	61	14.279	1.081	0.84	Not Customized
(4063 Species)
GCF_000203855.3	20	db_correct	26	0.127	1.081	0.98625	Customized
(2 Species)
GCF_000203855.3	20	db_strains	37	0.414	1.081	0.85625	Intermediate
(162 Species)
GCF_000203855.3	50	db_all	129	14.281	2.702	0.92875	Not Customized
(4063 Species)
GCF_000203855.3	50	db_correct	66	0.127	2.702	0.9975	Customized
(2 Species)
GCF_000203855.3	50	db_strains	74	0.414	2.702	0.99625	Intermediate
(162 Species)
GCF_902374375.1	20	db_all	93	14.28	1.294	0.9	Not Customized
(4063 Species)
GCF_902374375.1	20	db_correct	29	0.117	1.294	0.995	Customized
(2 Species)
GCF_902374375.1	20	db_strains	40	0.414	1.294	0.975	Intermediate
(162 Species)
GCF_902374375.1	50	db_all	213	14.282	3.235	0.9575	Not Customized
(4063 Species)
GCF_902374375.1	50	db_correct	71	0.118	3.235	0.9975	Customized
(2 Species)
GCF_902374375.1	50	db_strains	96	0.414	3.235	0.99625	Intermediate
(162 Species)
GCF_020736685.1	20	db_all	58	14.281	0.638	0.845	Not Customized
(4063 Species)
GCF_020736685.1	20	db_correct	18	0.117	0.638	0.9925	Customized
(2 Species)
GCF_020736685.1	20	db_strains	22	0.411	0.638	0.9525	Intermediate
(162 Species)
GCF_020736685.1	50	db_all	129	14.281	1.594	0.93	Not Customized
(4063 Species)
GCF_020736685.1	50	db_correct	44	0.118	1.594	0.9975	Customized
(2 Species)
GCF_020736685.1	50	db_strains	51	0.411	1.594	0.99375	Intermediate
(162 Species)
GCF_003466005.1	20	db_all	132	14.282	1.928	0.93125	Not Customized
(4063 Species)
GCF_003466005.1	20	db_correct	61	0.133	1.928	0.9975	Customized
(2 Species)
GCF_003466005.1	20	db_strains	71	0.417	1.928	0.9875	Intermediate
(162 Species)
GCF_003466005.1	50	db_all	310	14.283	4.82	0.97	Not Customized
(4063 Species)
GCF_003466005.1	50	db_correct	152	0.133	4.82	0.99875	Customized
(2 Species)
GCF_003466005.1	50	db_strains	173	0.418	4.82	0.9975	Intermediate
(162 Species)
GCF_000020225.1	20	db_all	72	14.274	0.838	0.87375	Not Customized
(4063 Species)
GCF_000020225.1	20	db_correct	27	0.114	0.838	0.995	Customized
(2 Species)
GCF_000020225.1	20	db_strains	32	0.409	0.838	0.965	Intermediate
(162 Species)
GCF_000020225.1	50	db_all	164	14.275	2.094	0.945	Not Customized
(4063 Species)
GCF_000020225.1	50	db_correct	68	0.114	2.094	0.9975	Customized
(2 Species)
GCF_000020225.1	50	db_strains	79	0.41	2.094	0.99625	Intermediate
(162 Species)
GCF_013009555.1	20	db_all	100	14.28	1.489	0.91	Not Customized
(4063 Species)
GCF_013009555.1	20	db_correct	29	0.122	1.489	0.99375	Customized
(2 Species)
GCF_013009555.1	20	db_strains	41	0.414	1.489	0.97875	Intermediate
(162 Species)
GCF_013009555.1	50	db_all	234	14.281	3.724	0.96125	Not Customized
(4063 Species)
GCF_013009555.1	50	db_correct	74	0.123	3.724	0.99625	Customized
(2 Species)
GCF_013009555.1	50	db_strains	100	0.415	3.724	0.99625	Intermediate
(162 Species)
GCF_016888945.1	20	db_all	83	14.28	1.249	0.8925	Not Customized
(4063 Species)
GCF_016888945.1	20	db_correct	22	0.124	1.249	0.99125	Customized
(2 Species)
GCF_016888945.1	20	db_strains	34	0.414	1.249	0.975	Intermediate
(162 Species)
GCF_016888945.1	50	db_all	192	14.281	3.124	0.9525	Not Customized
(4063 Species)
GCF_016888945.1	50	db_correct	55	0.125	3.124	0.99375	Customized
(2 Species)
GCF_016888945.1	50	db_strains	83	0.415	3.124	0.99625	Intermediate
(162 Species)
GCF_020735865.1	20	db_all	170	14.283	1.498	0.68375	Not Customized
(4063 Species)
GCF_020735865.1	20	db_correct	40	0.123	1.498	0.99625	Customized
(2 Species)
GCF_020735865.1	20	db_strains	50	0.409	1.498	0.98125	Intermediate
(162 Species)
GCF_020735865.1	50	db_all	297	14.285	3.745	0.9675	Not Customized
(4063 Species)
GCF_020735865.1	50	db_correct	107	0.124	3.745	0.99875	Customized
(2 Species)
GCF_020735865.1	50	db_strains	125	0.409	3.745	0.9975	Intermediate
(162 Species)
GCF_016904155.1	20	db_all	88	14.282	1.085	0.8975	Not Customized
(4063 Species)
GCF_016904155.1	20	db_correct	17	0.12	1.085	0.98875	Customized
(2 Species)
GCF_016904155.1	20	db_strains	34	0.414	1.085	0.975	Intermediate
(162 Species)
GCF_016904155.1	50	db_all	203	14.282	2.712	0.955	Not Customized
(4063 Species)
GCF_016904155.1	50	db_correct	42	0.12	2.712	0.99375	Customized
(2 Species)
GCF_016904155.1	50	db_strains	85	0.415	2.712	0.99625	Intermediate
(162 Species)
GCF_000153905.1	20	db_all	96	14.282	1.141	0.9075	Not Customized
(4063 Species)
GCF_000153905.1	20	db_correct	25	0.118	1.141	0.99375	Customized
(2 Species)
GCF_000153905.1	20	db_strains	38	0.414	1.141	0.97625	Intermediate
(162 Species)
GCF_000153905.1	50	db_all	223	14.283	2.853	0.95875	Not Customized
(4063 Species)
GCF_000153905.1	50	db_correct	61	0.118	2.853	0.9975	Customized
(2 Species)
GCF_000153905.1	50	db_strains	91	0.415	2.853	0.99625	Intermediate
(162 Species)
GCF_000153925.1	20	db_all	56	14.281	0.77	0.84125	Not Customized
(4063 Species)
GCF_000153925.1	20	db_correct	18	0.116	0.77	0.9925	Customized
(2 Species)
GCF_000153925.1	20	db_strains	26	0.411	0.77	0.95625	Intermediate
(162 Species)
GCF_000153925.1	50	db_all	124	14.282	1.926	0.9275	Not Customized
(4063 Species)
GCF_000153925.1	50	db_correct	47	0.116	1.926	0.9975	Customized
(2 Species)
GCF_000153925.1	50	db_strains	61	0.412	1.926	0.995	Intermediate
(162 Species)
GCF_000169235.1	20	db_all	69	14.282	0.941	0.87125	Not Customized
(4063 Species)
GCF_000169235.1	20	db_correct	18	0.119	0.941	0.99125	Customized
(2 Species)
GCF_000169235.1	20	db_strains	30	0.413	0.941	0.96125	Intermediate
(162 Species)
GCF_000169235.1	50	db_all	158	14.283	2.352	0.9425	Not Customized
(4063 Species)
GCF_000169235.1	50	db_correct	46	0.119	2.352	0.995	Customized
(2 Species)
GCF_000169235.1	50	db_strains	73	0.413	2.352	0.99625	Intermediate
(162 Species)
GCF_000154065.1	20	db_all	83	14.281	1.012	0.8925	Not Customized
(4063 Species)
GCF_000154065.1	20	db_correct	25	0.124	1.012	0.99375	Customized
(2 Species)
GCF_000154065.1	20	db_strains	35	0.415	1.012	0.975	Intermediate
(162 Species)
GCF_000154065.1	50	db_all	192	14.282	2.529	0.9525	Not Customized
(4063 Species)
GCF_000154065.1	50	db_correct	62	0.126	2.529	0.9975	Customized
(2 Species)
GCF_000154065.1	50	db_strains	87	0.415	2.529	0.99625	Intermediate
(162 Species)
GCF_000153885.1	20	db_all	62	14.282	0.896	0.8575	Not Customized
(4063 Species)
GCF_000153885.1	20	db_correct	18	0.116	0.896	0.99125	Customized
(2 Species)
GCF_000153885.1	20	db_strains	25	0.414	0.896	0.95375	Intermediate
(162 Species)
GCF_000153885.1	50	db_all	140	14.282	2.24	0.93625	Not Customized
(4063 Species)
GCF_000153885.1	50	db_correct	44	0.117	2.24	0.99625	Customized
(2 Species)
GCF_000153885.1	50	db_strains	60	0.414	2.24	0.995	Intermediate
(162 Species)
GCF_020735705.1	20	db_all	75	14.281	0.963	0.88125	Not Customized
(4063 Species)
GCF_020735705.1	20	db_correct	26	0.117	0.963	0.995	Customized
(2 Species)
GCF_020735705.1	20	db_strains	33	0.414	0.963	0.97375	Intermediate
(162 Species)
GCF_020735705.1	50	db_all	171	14.282	2.408	0.9475	Not Customized
(4063 Species)
GCF_020735705.1	50	db_correct	65	0.117	2.408	0.9975	Customized
(2 Species)
GCF_020735705.1	50	db_strains	80	0.414	2.408	0.99625	Intermediate
(162 Species)
GCF_000154085.1	20	db_all	54	14.279	0.769	0.835	Not Customized
(4063 Species)
GCF_000154085.1	20	db_correct	18	0.111	0.769	0.9925	Customized
(2 Species)
GCF_000154085.1	20	db_strains	26	0.411	0.769	0.96	Intermediate
(162 Species)
GCF_000154085.1	50	db_all	118	14.28	1.924	0.92375	Not Customized
(4063 Species)
GCF_000154085.1	50	db_correct	45	0.111	1.924	0.9975	Customized
(2 Species)
GCF_000154085.1	50	db_strains	61	0.411	1.924	0.995	Intermediate
(162 Species)
GCF_010509575.1	20	db_all	88	14.282	0.873	0.89875	Not Customized
(4063 Species)
GCF_010509575.1	20	db_correct	17	0.113	0.873	0.99125	Customized
(2 Species)
GCF_010509575.1	20	db_strains	23	0.412	0.873	0.9625	Intermediate
(162 Species)
GCF_010509575.1	50	db_all	206	14.282	2.183	0.95625	Not Customized
(4063 Species)
GCF_010509575.1	50	db_correct	42	0.115	2.183	0.995	Customized
(2 Species)
GCF_010509575.1	50	db_strains	56	0.412	2.183	0.995	Intermediate
(162 Species)
GCF_014467075.1	20	db_all	73	14.282	1.088	0.8775	Not Customized
(4063 Species)
GCF_014467075.1	20	db_correct	30	0.123	1.088	0.995	Customized
(2 Species)
GCF_014467075.1	20	db_strains	37	0.413	1.088	0.97625	Intermediate
(162 Species)
GCF_014467075.1	50	db_all	168	14.282	2.721	0.94625	Not Customized
(4063 Species)
GCF_014467075.1	50	db_correct	75	0.124	2.721	0.9975	Customized
(2 Species)
GCF_014467075.1	50	db_strains	91	0.415	2.721	0.99625	Intermediate
(162 Species)
GCF_000012825.1	20	db_all	136	14.275	1.416	0.59625	Not Customized
(4063 Species)
GCF_000012825.1	20	db_correct	22	0.119	1.416	0.99125	Customized
(2 Species)
GCF_000012825.1	20	db_strains	33	0.41	1.416	0.97375	Intermediate
(162 Species)
GCF_000012825.1	50	db_all	208	14.275	3.539	0.95375	Not Customized
(4063 Species)
GCF_000012825.1	50	db_correct	55	0.12	3.539	0.99375	Customized
(2 Species)
GCF_000012825.1	50	db_strains	81	0.411	3.539	0.99625	Intermediate
(162 Species)
GCF_000154445.1	20	db_all	68	14.279	0.972	0.86875	Not Customized
(4063 Species)
GCF_000154445.1	20	db_correct	25	0.121	0.972	0.995	Customized
(2 Species)
GCF_000154445.1	20	db_strains	31	0.412	0.972	0.9725	Intermediate
(162 Species)
GCF_000154445.1	50	db_all	155	14.28	2.429	0.94125	Not Customized
(4063 Species)
GCF_000154445.1	50	db_correct	62	0.121	2.429	0.9975	Customized
(2 Species)
GCF_000154445.1	50	db_strains	74	0.412	2.429	0.99625	Intermediate
(162 Species)
GCF_000154525.1	20	db_all	93	14.28	1.241	0.9025	Not Customized
(4063 Species)
GCF_000154525.1	20	db_correct	30	0.118	1.241	0.995	Customized
(2 Species)
GCF_000154525.1	20	db_strains	43	0.415	1.241	0.98	Intermediate
(162 Species)
GCF_000154525.1	50	db_all	216	14.281	3.103	0.9575	Not Customized
(4063 Species)
GCF_000154525.1	50	db_correct	76	0.119	3.103	0.9975	Customized
(2 Species)
GCF_000154525.1	50	db_strains	110	0.416	3.103	0.9975	Intermediate
(162 Species)
GCF_000173795.1	20	db_all	78	14.277	0.765	0.885	Not Customized
(4063 Species)
GCF_000173795.1	20	db_correct	22	0.124	0.765	0.99375	Customized
(2 Species)
GCF_000173795.1	20	db_strains	28	0.412	0.765	0.9625	Intermediate
(162 Species)
GCF_000173795.1	50	db_all	177	14.279	1.913	0.94875	Not Customized
(4063 Species)
GCF_000173795.1	50	db_correct	55	0.124	1.913	0.9975	Customized
(2 Species)
GCF_000173795.1	50	db_strains	63	0.414	1.913	0.995	Intermediate
(162 Species)
GCF_020731235.1	20	db_all	83	14.281	1.197	0.8925	Not Customized
(4063 Species)
GCF_020731235.1	20	db_correct	23	0.117	1.197	0.9925	Customized
(2 Species)
GCF_020731235.1	20	db_strains	35	0.415	1.197	0.97625	Intermediate
(162 Species)
GCF_020731235.1	50	db_all	195	14.282	2.992	0.95375	Not Customized
(4063 Species)
GCF_020731235.1	50	db_correct	57	0.119	2.992	0.9975	Customized
(2 Species)
GCF_020731235.1	50	db_strains	92	0.415	2.992	0.99625	Intermediate
(162 Species)
GCF_000024265.1	20	db_all	88	14.278	1.174	0.89875	Not Customized
(4063 Species)
GCF_000024265.1	20	db_correct	28	0.121	1.174	0.995	Customized
(2 Species)
GCF_000024265.1	20	db_strains	34	0.412	1.174	0.9525	Intermediate
(162 Species)
GCF_000024265.1	50	db_all	205	14.28	2.935	0.955	Not Customized
(4063 Species)
GCF_000024265.1	50	db_correct	69	0.122	2.935	0.9975	Customized
(2 Species)
GCF_000024265.1	50	db_strains	82	0.412	2.935	0.99625	Intermediate
(162 Species)
GCF_000156195.1	20	db_all	136	14.281	1.818	0.93375	Not Customized
(4063 Species)
GCF_000156195.1	20	db_correct	38	0.122	1.818	0.995	Customized
(2 Species)
GCF_000156195.1	20	db_strains	63	0.41	1.818	0.98625	Intermediate
(162 Species)
GCF_000156195.1	50	db_all	317	14.282	4.546	0.97125	Not Customized
(4063 Species)
GCF_000156195.1	50	db_correct	94	0.122	4.546	0.9975	Customized
(2 Species)
GCF_000156195.1	50	db_strains	155	0.411	4.546	0.9975	Intermediate
(162 Species)
GCF_000156655.1	20	db_all	67	14.277	0.784	0.8675	Not Customized
(4063 Species)
GCF_000156655.1	20	db_correct	14	0.114	0.784	0.98875	Customized
(2 Species)
GCF_000156655.1	20	db_strains	19	0.41	0.784	0.9475	Intermediate
(162 Species)
GCF_000156655.1	50	db_all	148	14.278	1.961	0.93875	Not Customized
(4063 Species)
GCF_000156655.1	50	db_correct	33	0.115	1.961	0.995	Customized
(2 Species)
GCF_000156655.1	50	db_strains	44	0.412	1.961	0.99375	Intermediate
(162 Species)
GCF_900537995.1	20	db_all	101	14.282	1.296	0.91125	Not Customized
(4063 Species)
GCF_900537995.1	20	db_correct	35	0.128	1.296	0.995	Customized
(2 Species)
GCF_900537995.1	20	db_strains	46	0.415	1.296	0.98	Intermediate
(162 Species)
GCF_900537995.1	50	db_all	238	14.284	3.239	0.96125	Not Customized
(4063 Species)
GCF_900537995.1	50	db_correct	88	0.129	3.239	0.99875	Customized
(2 Species)
GCF_900537995.1	50	db_strains	115	0.416	3.239	0.9975	Intermediate
(162 Species)
GCF_002222595.2	20	db_all	82	14.282	0.995	0.89	Not Customized
(4063 Species)
GCF_002222595.2	20	db_correct	19	0.114	0.995	0.9925	Customized
(2 Species)
GCF_002222595.2	20	db_strains	29	0.414	0.995	0.9625	Intermediate
(162 Species)
GCF_002222595.2	50	db_all	187	14.282	2.488	0.95125	Not Customized
(4063 Species)
GCF_002222595.2	50	db_correct	49	0.114	2.488	0.9975	Customized
(2 Species)
GCF_002222595.2	50	db_strains	69	0.414	2.488	0.99625	Intermediate
(162 Species)
GCF_020735445.1	20	db_all	96	14.283	1.173	0.90625	Not Customized
(4063 Species)
GCF_020735445.1	20	db_correct	19	0.12	1.173	0.99125	Customized
(2 Species)
GCF_020735445.1	20	db_strains	26	0.415	1.173	0.95625	Intermediate
(162 Species)
GCF_020735445.1	50	db_all	219	14.284	2.933	0.95875	Not Customized
(4063 Species)
GCF_020735445.1	50	db_correct	48	0.12	2.933	0.995	Customized
(2 Species)
GCF_020735445.1	50	db_strains	61	0.415	2.933	0.995	Intermediate
(162 Species)
GCF_016889065.1	20	db_all	100	14.276	1.599	0.91125	Not Customized
(4063 Species)
GCF_016889065.1	20	db_correct	42	0.128	1.599	0.99625	Customized
(2 Species)
GCF_016889065.1	20	db_strains	51	0.415	1.599	0.9825	Intermediate
(162 Species)
GCF_016889065.1	50	db_all	237	14.278	3.996	0.96125	Not Customized
(4063 Species)
GCF_016889065.1	50	db_correct	107	0.129	3.996	0.99875	Customized
(2 Species)
GCF_016889065.1	50	db_strains	125	0.415	3.996	0.9975	Intermediate
(162 Species)
GCF_000157995.1	20	db_all	75	14.28	1.127	0.88125	Not Customized
(4063 Species)
GCF_000157995.1	20	db_correct	33	0.12	1.127	0.995	Customized
(2 Species)
GCF_000157995.1	20	db_strains	40	0.411	1.127	0.9775	Intermediate
(162 Species)
GCF_000157995.1	50	db_all	168	14.281	2.817	0.94625	Not Customized
(4063 Species)
GCF_000157995.1	50	db_correct	80	0.12	2.817	0.99875	Customized
(2 Species)
GCF_000157995.1	50	db_strains	94	0.412	2.817	0.99625	Intermediate
(162 Species)
GCF_001025215.1	20	db_all	54	14.281	0.685	0.835	Not Customized
(4063 Species)
GCF_001025215.1	20	db_correct	19	0.112	0.685	0.9925	Customized
(2 Species)
GCF_001025215.1	20	db_strains	28	0.411	0.685	0.96875	Intermediate
(162 Species)
GCF_001025215.1	50	db_all	121	14.282	1.712	0.925	Not Customized
(4063 Species)
GCF_001025215.1	50	db_correct	47	0.114	1.712	0.9975	Customized
(2 Species)
GCF_001025215.1	50	db_strains	70	0.411	1.712	0.99625	Intermediate
(162 Species)
GCF_008281175.1	20	db_all	80	14.281	1.276	0.8875	Not Customized
(4063 Species)
GCF_008281175.1	20	db_correct	28	0.126	1.276	0.995	Customized
(2 Species)
GCF_008281175.1	20	db_strains	36	0.415	1.276	0.975	Intermediate
(162 Species)
GCF_008281175.1	50	db_all	185	14.283	3.191	0.95125	Not Customized
(4063 Species)
GCF_008281175.1	50	db_correct	71	0.127	3.191	0.9975	Customized
(2 Species)
GCF_008281175.1	50	db_strains	90	0.415	3.191	0.99625	Intermediate
(162 Species)
GCF_000158335.2	20	db_all	98	14.28	1.476	0.9075	Not Customized
(4063 Species)
GCF_000158335.2	20	db_correct	30	0.122	1.476	0.99375	Customized
(2 Species)
GCF_000158335.2	20	db_strains	40	0.413	1.476	0.9775	Intermediate
(162 Species)
GCF_000158335.2	50	db_all	229	14.281	3.689	0.96	Not Customized
(4063 Species)
GCF_000158335.2	50	db_correct	74	0.123	3.689	0.9975	Customized
(2 Species)
GCF_000158335.2	50	db_strains	99	0.414	3.689	0.99625	Intermediate
(162 Species)
GCF_000230275.1	20	db_all	48	14.279	0.732	0.81375	Not Customized
(4063 Species)
GCF_000230275.1	20	db_correct	18	0.114	0.732	0.9925	Customized
(2 Species)
GCF_000230275.1	20	db_strains	24	0.411	0.732	0.95375	Intermediate
(162 Species)
GCF_000230275.1	50	db_all	102	14.281	1.829	0.9125	Not Customized
(4063 Species)
GCF_000230275.1	50	db_correct	45	0.114	1.829	0.9975	Customized
(2 Species)
GCF_000230275.1	50	db_strains	54	0.413	1.829	0.995	Intermediate
(162 Species)
GCF_020735645.1	20	db_all	55	14.276	0.699	0.8375	Not Customized
(4063 Species)
GCF_020735645.1	20	db_correct	19	0.119	0.699	0.9925	Customized
(2 Species)
GCF_020735645.1	20	db_strains	24	0.412	0.699	0.95375	Intermediate
(162 Species)
GCF_020735645.1	50	db_all	123	14.278	1.746	0.92625	Not Customized
(4063 Species)
GCF_020735645.1	50	db_correct	47	0.119	1.746	0.9975	Customized
(2 Species)
GCF_020735645.1	50	db_strains	57	0.413	1.746	0.995	Intermediate
(162 Species)
GCF_020731525.1	20	db_all	93	14.282	1.216	0.90375	Not Customized
(4063 Species)
GCF_020731525.1	20	db_correct	29	0.125	1.216	0.995	Customized
(2 Species)
GCF_020731525.1	20	db_strains	42	0.413	1.216	0.97875	Intermediate
(162 Species)
GCF_020731525.1	50	db_all	224	14.282	3.041	0.95875	Not Customized
(4063 Species)
GCF_020731525.1	50	db_correct	74	0.126	3.041	0.9975	Customized
(2 Species)
GCF_020731525.1	50	db_strains	103	0.414	3.041	0.9975	Intermediate
(162 Species)
GCF_000210075.1	20	db_all	148	14.28	1.992	0.93875	Not Customized
(4063 Species)
GCF_000210075.1	20	db_correct	53	0.122	1.992	0.99625	Customized
(2 Species)
GCF_000210075.1	20	db_strains	72	0.41	1.992	0.9875	Intermediate
(162 Species)
GCF_000210075.1	50	db_all	349	14.282	4.979	0.97375	Not Customized
(4063 Species)
GCF_000210075.1	50	db_correct	130	0.124	4.979	0.99875	Customized
(2 Species)
GCF_000210075.1	50	db_strains	176	0.411	4.979	0.9975	Intermediate
(162 Species)
GCF_000265365.1	20	db_all	79	14.28	1.097	0.8875	Not Customized
(4063 Species)
GCF_000265365.1	20	db_correct	23	0.119	1.097	0.9925	Customized
(2 Species)
GCF_000265365.1	20	db_strains	37	0.412	1.097	0.97625	Intermediate
(162 Species)
GCF_000265365.1	50	db_all	181	14.281	2.744	0.95	Not Customized
(4063 Species)
GCF_000265365.1	50	db_correct	58	0.119	2.744	0.9975	Customized
(2 Species)
GCF_000265365.1	50	db_strains	90	0.412	2.744	0.99625	Intermediate
(162 Species)
GCF_000210575.1	20	db_all	92	14.28	1.147	0.9025	Not Customized
(4063 Species)
GCF_000210575.1	20	db_correct	31	0.115	1.147	0.995	Customized
(2 Species)
GCF_000210575.1	20	db_strains	44	0.412	1.147	0.98	Intermediate
(162 Species)
GCF_000210575.1	50	db_all	209	14.282	2.867	0.95625	Not Customized
(4063 Species)
GCF_000210575.1	50	db_correct	74	0.115	2.867	0.9975	Customized
(2 Species)
GCF_000210575.1	50	db_strains	105	0.412	2.867	0.99625	Intermediate
(162 Species)
GCF_000484655.1	20	db_all	106	14.282	1.297	0.91625	Not Customized
(4063 Species)
GCF_000484655.1	20	db_correct	30	0.125	1.297	0.995	Customized
(2 Species)
GCF_000484655.1	20	db_strains	42	0.414	1.297	0.97875	Intermediate
(162 Species)
GCF_000484655.1	50	db_all	246	14.282	3.242	0.9625	Not Customized
(4063 Species)
GCF_000484655.1	50	db_correct	75	0.125	3.242	0.9975	Customized
(2 Species)
GCF_000484655.1	50	db_strains	100	0.414	3.242	0.99625	Intermediate
(162 Species)
GCF_000425005.1	20	db_all	42	14.28	0.616	0.7875	Not Customized
(4063 Species)
GCF_000425005.1	20	db_correct	10	0.108	0.616	0.98625	Customized
(2 Species)
GCF_000425005.1	20	db_strains	14	0.409	0.616	0.92875	Intermediate
(162 Species)
GCF_000425005.1	50	db_all	87	14.28	1.54	0.8975	Not Customized
(4063 Species)
GCF_000425005.1	50	db_correct	26	0.109	1.54	0.995	Customized
(2 Species)
GCF_000425005.1	50	db_strains	33	0.41	1.54	0.99125	Intermediate
(162 Species)
GCF_000261265.1	20	db_all	51	14.277	0.773	0.82625	Not Customized
(4063 Species)
GCF_000261265.1	20	db_correct	17	0.111	0.773	0.9925	Customized
(2 Species)
GCF_000261265.1	20	db_strains	23	0.407	0.773	0.96375	Intermediate
(162 Species)
GCF_000261265.1	50	db_all	112	14.278	1.931	0.92	Not Customized
(4063 Species)
GCF_000261265.1	50	db_correct	44	0.111	1.931	0.9975	Customized
(2 Species)
GCF_000261265.1	50	db_strains	56	0.409	1.931	0.995	Intermediate
(162 Species)
GCF_000374505.1	20	db_all	80	14.28	1.118	0.88875	Not Customized
(4063 Species)
GCF_000374505.1	20	db_correct	24	0.119	1.118	0.99375	Customized
(2 Species)
GCF_000374505.1	20	db_strains	37	0.412	1.118	0.97625	Intermediate
(162 Species)
GCF_000374505.1	50	db_all	181	14.281	2.796	0.95	Not Customized
(4063 Species)
GCF_000374505.1	50	db_correct	59	0.119	2.796	0.9975	Customized
(2 Species)
GCF_000374505.1	50	db_strains	92	0.412	2.796	0.99625	Intermediate
(162 Species)
GCF_020735725.1	20	db_all	102	14.28	1.305	0.91125	Not Customized
(4063 Species)
GCF_020735725.1	20	db_correct	31	0.113	1.305	0.995	Customized
(2 Species)
GCF_020735725.1	20	db_strains	46	0.413	1.305	0.98125	Intermediate
(162 Species)
GCF_020735725.1	50	db_all	243	14.281	3.262	0.9625	Not Customized
(4063 Species)
GCF_020735725.1	50	db_correct	78	0.115	3.262	0.9975	Customized
(2 Species)
GCF_020735725.1	50	db_strains	116	0.413	3.262	0.9975	Intermediate
(162 Species)
GCF_004154955.1	20	db_all	74	14.281	1.016	0.87875	Not Customized
(4063 Species)
GCF_004154955.1	20	db_correct	20	0.113	1.016	0.9925	Customized
(2 Species)
GCF_004154955.1	20	db_strains	26	0.412	1.016	0.955	Intermediate
(162 Species)
GCF_004154955.1	50	db_all	169	14.282	2.54	0.94625	Not Customized
(4063 Species)
GCF_004154955.1	50	db_correct	51	0.113	2.54	0.99625	Customized
(2 Species)
GCF_004154955.1	50	db_strains	63	0.412	2.54	0.995	Intermediate
(162 Species)
GCF_000478885.1	20	db_all	51	14.279	0.806	0.82625	Not Customized
(4063 Species)
GCF_000478885.1	20	db_correct	10	0.115	0.806	0.98375	Customized
(2 Species)
GCF_000478885.1	20	db_strains	14	0.409	0.806	0.9275	Intermediate
(162 Species)
GCF_000478885.1	50	db_all	109	14.28	2.014	0.9175	Not Customized
(4063 Species)
GCF_000478885.1	50	db_correct	25	0.115	2.014	0.9925	Customized
(2 Species)
GCF_000478885.1	50	db_strains	32	0.41	2.014	0.98875	Intermediate
(162 Species)
GCF_000701705.1	20	db_all	86	14.275	1.285	0.89625	Not Customized
(4063 Species)
GCF_000701705.1	20	db_correct	36	0.127	1.285	0.99625	Customized
(2 Species)
GCF_000701705.1	20	db_strains	42	0.413	1.285	0.9775	Intermediate
(162 Species)
GCF_000701705.1	50	db_all	198	14.276	3.213	0.95375	Not Customized
(4063 Species)
GCF_000701705.1	50	db_correct	88	0.127	3.213	0.9975	Customized
(2 Species)
GCF_000701705.1	50	db_strains	103	0.413	3.213	0.99625	Intermediate
(162 Species)
GCF_902374895.1	20	db_all	54	14.276	0.888	0.83625	Not Customized
(4063 Species)
GCF_902374895.1	20	db_correct	15	0.111	0.888	0.98875	Customized
(2 Species)
GCF_902374895.1	20	db_strains	21	0.41	0.888	0.94875	Intermediate
(162 Species)
GCF_902374895.1	50	db_all	119	14.277	2.22	0.925	Not Customized
(4063 Species)
GCF_902374895.1	50	db_correct	37	0.11	2.22	0.99625	Customized
(2 Species)
GCF_902374895.1	50	db_strains	50	0.412	2.22	0.99375	Intermediate
(162 Species)
GCF_000154245.1	20	db_all	66	14.281	0.939	0.86625	Not Customized
(4063 Species)
GCF_000154245.1	20	db_correct	23	0.113	0.939	0.99375	Customized
(2 Species)
GCF_000154245.1	20	db_strains	31	0.412	0.939	0.965	Intermediate
(162 Species)
GCF_000154245.1	50	db_all	154	14.281	2.347	0.94125	Not Customized
(4063 Species)
GCF_000154245.1	50	db_correct	56	0.115	2.347	0.9975	Customized
(2 Species)
GCF_000154245.1	50	db_strains	76	0.413	2.347	0.99625	Intermediate
(162 Species)
GCF_000157075.2	20	db_all	109	14.281	1.77	0.9175	Not Customized
(4063 Species)
GCF_000157075.2	20	db_correct	36	0.126	1.77	0.995	Customized
(2 Species)
GCF_000157075.2	20	db_strains	49	0.416	1.77	0.98125	Intermediate
(162 Species)
GCF_000157075.2	50	db_all	251	14.282	4.424	0.96375	Not Customized
(4063 Species)
GCF_000157075.2	50	db_correct	89	0.126	4.424	0.9975	Customized
(2 Species)
GCF_000157075.2	50	db_strains	123	0.417	4.424	0.9975	Intermediate
(162 Species)
GCF_000159075.2	20	db_all	148	14.279	2.131	0.93875	Not Customized
(4063 Species)
GCF_000159075.2	20	db_correct	58	0.124	2.131	0.99625	Customized
(2 Species)
GCF_000159075.2	20	db_strains	90	0.417	2.131	0.98875	Intermediate
(162 Species)
GCF_000159075.2	50	db_all	357	14.281	5.327	0.97375	Not Customized
(4063 Species)
GCF_000159075.2	50	db_correct	149	0.125	5.327	0.99875	Customized
(2 Species)
GCF_000159075.2	50	db_strains	214	0.417	5.327	0.99875	Intermediate
(162 Species)
GCF_000162155.1	20	db_all	192	14.28	1.996	0.715	Not Customized
(4063 Species)
GCF_000162155.1	20	db_correct	51	0.122	1.996	0.99625	Customized
(2 Species)
GCF_000162155.1	20	db_strains	71	0.41	1.996	0.9875	Intermediate
(162 Species)
GCF_000162155.1	50	db_all	349	14.281	4.99	0.9725	Not Customized
(4063 Species)
GCF_000162155.1	50	db_correct	134	0.121	4.99	0.99875	Customized
(2 Species)
GCF_000162155.1	50	db_strains	175	0.41	4.99	0.9975	Intermediate
(162 Species)
GCF_000163735.1	20	db_all	56	14.275	0.654	0.84125	Not Customized
(4063 Species)
GCF_000163735.1	20	db_correct	14	0.112	0.654	0.99125	Customized
(2 Species)
GCF_000163735.1	20	db_strains	18	0.41	0.654	0.9425	Intermediate
(162 Species)
GCF_000163735.1	50	db_all	124	14.276	1.634	0.9275	Not Customized
(4063 Species)
GCF_000163735.1	50	db_correct	36	0.113	1.634	0.995	Customized
(2 Species)
GCF_000163735.1	50	db_strains	42	0.411	1.634	0.9925	Intermediate
(162 Species)
GCF_000466565.1	20	db_all	94	14.281	1.156	0.90375	Not Customized
(4063 Species)
GCF_000466565.1	20	db_correct	30	0.116	1.156	0.995	Customized
(2 Species)
GCF_000466565.1	20	db_strains	41	0.413	1.156	0.97875	Intermediate
(162 Species)
GCF_000466565.1	50	db_all	216	14.282	2.889	0.9575	Not Customized
(4063 Species)
GCF_000466565.1	50	db_correct	75	0.118	2.889	0.9975	Customized
(2 Species)
GCF_000466565.1	50	db_strains	100	0.413	2.889	0.99625	Intermediate
(162 Species)
GCF_000469425.1	20	db_all	75	14.281	1.066	0.87875	Not Customized
(4063 Species)
GCF_000469425.1	20	db_correct	18	0.113	1.066	0.9875	Customized
(2 Species)
GCF_000469425.1	20	db_strains	24	0.411	1.066	0.96375	Intermediate
(162 Species)
GCF_000469425.1	50	db_all	169	14.282	2.665	0.94625	Not Customized
(4063 Species)
GCF_000469425.1	50	db_correct	44	0.113	2.665	0.99375	Customized
(2 Species)
GCF_000469425.1	50	db_strains	56	0.412	2.665	0.99375	Intermediate
(162 Species)
GCF_000020605.1	20	db_all	77	14.281	1.022	0.8825	Not Customized
(4063 Species)
GCF_000020605.1	20	db_correct	26	0.115	1.022	0.99375	Customized
(2 Species)
GCF_000020605.1	20	db_strains	36	0.414	1.022	0.975	Intermediate
(162 Species)
GCF_000020605.1	50	db_all	177	14.282	2.554	0.94875	Not Customized
(4063 Species)
GCF_000020605.1	50	db_correct	66	0.117	2.554	0.9975	Customized
(2 Species)
GCF_000020605.1	50	db_strains	87	0.414	2.554	0.99625	Intermediate
(162 Species)
GCF_000144975.1	20	db_all	47	14.277	0.71	0.8125	Not Customized
(4063 Species)
GCF_000144975.1	20	db_correct	14	0.112	0.71	0.99	Customized
(2 Species)
GCF_000144975.1	20	db_strains	18	0.409	0.71	0.9525	Intermediate
(162 Species)
GCF_000144975.1	50	db_all	101	14.278	1.774	0.91125	Not Customized
(4063 Species)
GCF_000144975.1	50	db_correct	36	0.113	1.774	0.99625	Customized
(2 Species)
GCF_000144975.1	50	db_strains	43	0.409	1.774	0.9925	Intermediate
(162 Species)
GCF_000154345.1	20	db_all	60	14.282	1.004	0.85125	Not Customized
(4063 Species)
GCF_000154345.1	20	db_correct	21	0.121	1.004	0.99125	Customized
(2 Species)
GCF_000154345.1	20	db_strains	27	0.414	1.004	0.96625	Intermediate
(162 Species)
GCF_000154345.1	50	db_all	135	14.283	2.51	0.9325	Not Customized
(4063 Species)
GCF_000154345.1	50	db_correct	52	0.121	2.51	0.99625	Customized
(2 Species)
GCF_000154345.1	50	db_strains	66	0.415	2.51	0.995	Intermediate
(162 Species)
GCF_000382085.1	20	db_all	65	14.281	0.834	0.8625	Not Customized
(4063 Species)
GCF_000382085.1	20	db_correct	24	0.114	0.834	0.99375	Customized
(2 Species)
GCF_000382085.1	20	db_strains	29	0.412	0.834	0.9675	Intermediate
(162 Species)
GCF_000382085.1	50	db_all	147	14.282	2.085	0.93875	Not Customized
(4063 Species)
GCF_000382085.1	50	db_correct	60	0.114	2.085	0.9975	Customized
(2 Species)
GCF_000382085.1	50	db_strains	69	0.412	2.085	0.995	Intermediate
(162 Species)
GCF_000509025.1	20	db_all	71	14.281	1.124	0.875	Not Customized
(4063 Species)
GCF_000509025.1	20	db_correct	21	0.118	1.124	0.99125	Customized
(2 Species)
GCF_000509025.1	20	db_strains	30	0.414	1.124	0.97	Intermediate
(162 Species)
GCF_000509025.1	50	db_all	162	14.282	2.81	0.94375	Not Customized
(4063 Species)
GCF_000509025.1	50	db_correct	53	0.118	2.81	0.99625	Customized
(2 Species)
GCF_000509025.1	50	db_strains	73	0.414	2.81	0.995	Intermediate
(162 Species)
GCF_000509145.1	20	db_all	134	14.282	2.221	0.9325	Not Customized
(4063 Species)
GCF_000509145.1	20	db_correct	47	0.132	2.221	0.995	Customized
(2 Species)
GCF_000509145.1	20	db_strains	60	0.417	2.221	0.985	Intermediate
(162 Species)
GCF_000509145.1	50	db_all	313	14.284	5.552	0.97125	Not Customized
(4063 Species)
GCF_000509145.1	50	db_correct	116	0.134	5.552	0.9975	Customized
(2 Species)
GCF_000509145.1	50	db_strains	148	0.419	5.552	0.9975	Intermediate
(162 Species)
GCF_001304715.1	20	db_all	68	14.281	0.743	0.8675	Not Customized
(4063 Species)
GCF_001304715.1	20	db_correct	21	0.123	0.743	0.99375	Customized
(2 Species)
GCF_001304715.1	20	db_strains	26	0.414	0.743	0.965	Intermediate
(162 Species)
GCF_001304715.1	50	db_all	151	14.282	1.858	0.94	Not Customized
(4063 Species)
GCF_001304715.1	50	db_correct	53	0.123	1.858	0.9975	Customized
(2 Species)
GCF_001304715.1	50	db_strains	61	0.414	1.858	0.995	Intermediate
(162 Species)
