accession	sim_cov	filter_type	bt2_bin	sitetype	precision	recall	color_by	intra_species_ani	between_species_ani
GCF_016889925.1	20	No filter	87	ALT	0.9937	0.9005	closest neighbor	98.985	87.4809
GCF_016889925.1	20	Paired	87	ALT	0.9962	0.8507	closest neighbor	98.985	87.4809
GCF_016889925.1	20	Single	87	ALT	0.9962	0.8216	closest neighbor	98.985	87.4809
GCF_000159875.2	20	No filter	89	ALT	0.9963	0.9238	closest neighbor	98.4796	89.3421
GCF_000159875.2	20	Paired	89	ALT	0.9987	0.8417	closest neighbor	98.4796	89.3421
GCF_000159875.2	20	Single	89	ALT	0.9984	0.7866	closest neighbor	98.4796	89.3421
GCF_016117815.1	20	No filter	81	ALT	0.9953	0.9287	closest neighbor	98.1336	81.9339
GCF_016117815.1	20	Paired	81	ALT	0.9973	0.8555	closest neighbor	98.1336	81.9339
GCF_016117815.1	20	Single	81	ALT	0.9965	0.7355	closest neighbor	98.1336	81.9339
GCF_902373865.1	20	No filter	94	ALT	0.994	0.9374	closest neighbor	98.1774	94.2158
GCF_902373865.1	20	Paired	94	ALT	0.9946	0.8607	closest neighbor	98.1774	94.2158
GCF_902373865.1	20	Single	94	ALT	0.9942	0.7857	closest neighbor	98.1774	94.2158
GCF_902373725.1	20	No filter	92	ALT	0.9963	0.8939	closest neighbor	96.8979	92.5099
GCF_902373725.1	20	Paired	92	ALT	0.9975	0.6945	closest neighbor	96.8979	92.5099
GCF_902373725.1	20	Single	92	ALT	0.9985	0.623	closest neighbor	96.8979	92.5099
GCF_900637145.1	20	No filter	81	ALT	0.9967	0.9045	closest neighbor	98.5862	81.2277
GCF_900637145.1	20	Paired	81	ALT	0.9979	0.8635	closest neighbor	98.5862	81.2277
GCF_900637145.1	20	Single	81	ALT	0.9974	0.7629	closest neighbor	98.5862	81.2277
GCF_902381755.1	20	No filter	93	ALT	0.9965	0.7578	closest neighbor	97.85	93.5957
GCF_902381755.1	20	Paired	93	ALT	0.9967	0.6264	closest neighbor	97.85	93.5957
GCF_902381755.1	20	Single	93	ALT	0.9966	0.5947	closest neighbor	97.85	93.5957
GCF_016894205.1	20	No filter	84	ALT	0.9981	0.948	closest neighbor	98.6555	84.4079
GCF_016894205.1	20	Paired	84	ALT	0.9994	0.9321	closest neighbor	98.6555	84.4079
GCF_016894205.1	20	Single	84	ALT	0.9985	0.9066	closest neighbor	98.6555	84.4079
GCF_020149745.1	20	No filter	93	ALT	0.9961	0.8068	closest neighbor	96.8196	93.1653
GCF_020149745.1	20	Paired	93	ALT	0.9977	0.5321	closest neighbor	96.8196	93.1653
GCF_020149745.1	20	Single	93	ALT	0.9975	0.4614	closest neighbor	96.8196	93.1653
GCF_020735565.1	20	No filter	84	ALT	0.9938	0.9443	closest neighbor	98.2579	84.1765
GCF_020735565.1	20	Paired	84	ALT	0.9974	0.8293	closest neighbor	98.2579	84.1765
GCF_020735565.1	20	Single	84	ALT	0.9972	0.6838	closest neighbor	98.2579	84.1765
GCF_902373765.1	20	No filter	81	ALT	0.9704	0.9099	closest neighbor	98.482	81.2606
GCF_902373765.1	20	Paired	81	ALT	0.9767	0.8591	closest neighbor	98.482	81.2606
GCF_902373765.1	20	Single	81	ALT	0.9663	0.766	closest neighbor	98.482	81.2606
GCF_003470975.1	20	No filter	80	ALT	0.9849	0.876	closest neighbor	98.8134	80.9337
GCF_003470975.1	20	Paired	80	ALT	0.9883	0.8161	closest neighbor	98.8134	80.9337
GCF_003470975.1	20	Single	80	ALT	0.983	0.7339	closest neighbor	98.8134	80.9337
GCF_016904015.1	20	No filter	79	ALT	0.9985	0.8031	closest neighbor	96.9788	79.2144
GCF_016904015.1	20	Paired	79	ALT	0.9986	0.7128	closest neighbor	96.9788	79.2144
GCF_016904015.1	20	Single	79	ALT	0.9991	0.6197	closest neighbor	96.9788	79.2144
GCF_020735745.1	20	No filter	93	ALT	0.9959	0.6406	closest neighbor	95.6253	93.9917
GCF_020735745.1	20	Paired	93	ALT	0.9974	0.3486	closest neighbor	95.6253	93.9917
GCF_020735745.1	20	Single	93	ALT	0.9957	0.3048	closest neighbor	95.6253	93.9917
GCF_018140635.1	20	No filter	86	ALT	0.9787	0.8677	closest neighbor	97.7199	86.5667
GCF_018140635.1	20	Paired	86	ALT	0.9952	0.7766	closest neighbor	97.7199	86.5667
GCF_018140635.1	20	Single	86	ALT	0.9912	0.7107	closest neighbor	97.7199	86.5667
GCF_902387655.1	20	No filter	94	ALT	0.9954	0.8895	closest neighbor	97.5775	94.5897
GCF_902387655.1	20	Paired	94	ALT	0.9954	0.5688	closest neighbor	97.5775	94.5897
GCF_902387655.1	20	Single	94	ALT	0.9964	0.5176	closest neighbor	97.5775	94.5897
GCF_902373885.1	20	No filter	80	ALT	0.9867	0.9553	closest neighbor	99.1997	80.0074
GCF_902373885.1	20	Paired	80	ALT	0.9969	0.9261	closest neighbor	99.1997	80.0074
GCF_902373885.1	20	Single	80	ALT	0.9968	0.8366	closest neighbor	99.1997	80.0074
GCF_020735605.1	20	No filter	92	ALT	0.9969	0.8618	closest neighbor	97.4226	92.7743
GCF_020735605.1	20	Paired	92	ALT	0.9977	0.6269	closest neighbor	97.4226	92.7743
GCF_020735605.1	20	Single	92	ALT	0.9979	0.565	closest neighbor	97.4226	92.7743
GCF_002222615.2	20	No filter	83	ALT	0.9864	0.899	closest neighbor	99.2348	83.2218
GCF_002222615.2	20	Paired	83	ALT	0.988	0.8367	closest neighbor	99.2348	83.2218
GCF_002222615.2	20	Single	83	ALT	0.988	0.792	closest neighbor	99.2348	83.2218
GCF_902373875.1	20	No filter	90	ALT	0.996	0.9424	closest neighbor	96.5259	90.4364
GCF_902373875.1	20	Paired	90	ALT	0.9974	0.8656	closest neighbor	96.5259	90.4364
GCF_902373875.1	20	Single	90	ALT	0.9991	0.7543	closest neighbor	96.5259	90.4364
GCF_003468235.1	20	No filter	87	ALT	0.9907	0.9449	closest neighbor	98.6842	87.1837
GCF_003468235.1	20	Paired	87	ALT	0.9932	0.8988	closest neighbor	98.6842	87.1837
GCF_003468235.1	20	Single	87	ALT	0.9909	0.8685	closest neighbor	98.6842	87.1837
GCF_016889665.1	20	No filter	92	ALT	0.9967	0.9681	closest neighbor	96.823	92.0732
GCF_016889665.1	20	Paired	92	ALT	0.9978	0.8417	closest neighbor	96.823	92.0732
GCF_016889665.1	20	Single	92	ALT	0.9988	0.7694	closest neighbor	96.823	92.0732
GCF_000203855.3	20	No filter	82	ALT	0.9897	0.9457	closest neighbor	98.7682	82.1912
GCF_000203855.3	20	Paired	82	ALT	0.9945	0.9027	closest neighbor	98.7682	82.1912
GCF_000203855.3	20	Single	82	ALT	0.995	0.8579	closest neighbor	98.7682	82.1912
GCF_902374375.1	20	No filter	93	ALT	0.998	0.9013	closest neighbor	97.6312	93.5807
GCF_902374375.1	20	Paired	93	ALT	0.9994	0.6012	closest neighbor	97.6312	93.5807
GCF_902374375.1	20	Single	93	ALT	0.999	0.5536	closest neighbor	97.6312	93.5807
GCF_020736685.1	20	No filter	92	ALT	0.983	0.8997	closest neighbor	98.1992	92.2639
GCF_020736685.1	20	Paired	92	ALT	0.9941	0.7803	closest neighbor	98.1992	92.2639
GCF_020736685.1	20	Single	92	ALT	0.9847	0.7067	closest neighbor	98.1992	92.2639
GCF_003466005.1	20	No filter	94	ALT	0.9978	0.934	closest neighbor	98.3958	94.1427
GCF_003466005.1	20	Paired	94	ALT	0.9987	0.8709	closest neighbor	98.3958	94.1427
GCF_003466005.1	20	Single	94	ALT	0.9993	0.8523	closest neighbor	98.3958	94.1427
GCF_000020225.1	20	No filter	94	ALT	0.9957	0.8253	closest neighbor	97.3851	94.7424
GCF_000020225.1	20	Paired	94	ALT	0.9981	0.4894	closest neighbor	97.3851	94.7424
GCF_000020225.1	20	Single	94	ALT	0.9958	0.451	closest neighbor	97.3851	94.7424
GCF_013009555.1	20	No filter	81	ALT	0.9954	0.9259	closest neighbor	98.9447	81.6805
GCF_013009555.1	20	Paired	81	ALT	0.9963	0.8736	closest neighbor	98.9447	81.6805
GCF_013009555.1	20	Single	81	ALT	0.9965	0.7957	closest neighbor	98.9447	81.6805
GCF_016888945.1	20	No filter	80	ALT	0.9939	0.9649	closest neighbor	98.8787	80.0427
GCF_016888945.1	20	Paired	80	ALT	0.9958	0.9217	closest neighbor	98.8787	80.0427
GCF_016888945.1	20	Single	80	ALT	0.9954	0.8796	closest neighbor	98.8787	80.0427
GCF_020735865.1	20	No filter	92	ALT	0.9968	0.888	closest neighbor	96.6304	92.3034
GCF_020735865.1	20	Paired	92	ALT	0.9981	0.603	closest neighbor	96.6304	92.3034
GCF_020735865.1	20	Single	92	ALT	0.9982	0.5494	closest neighbor	96.6304	92.3034
GCF_016904155.1	20	No filter	80	ALT	0.9957	0.9418	closest neighbor	97.6536	80.5856
GCF_016904155.1	20	Paired	80	ALT	0.9985	0.896	closest neighbor	97.6536	80.5856
GCF_016904155.1	20	Single	80	ALT	0.9987	0.8269	closest neighbor	97.6536	80.5856
GCF_000153905.1	20	No filter	84	ALT	0.9933	0.8613	closest neighbor	98.2124	84.7145
GCF_000153905.1	20	Paired	84	ALT	0.9974	0.7579	closest neighbor	98.2124	84.7145
GCF_000153905.1	20	Single	84	ALT	0.9985	0.6222	closest neighbor	98.2124	84.7145
GCF_000153925.1	20	No filter	84	ALT	0.9897	0.8415	closest neighbor	99.2117	84.8779
GCF_000153925.1	20	Paired	84	ALT	0.9923	0.7737	closest neighbor	99.2117	84.8779
GCF_000153925.1	20	Single	84	ALT	0.992	0.6695	closest neighbor	99.2117	84.8779
GCF_000169235.1	20	No filter	83	ALT	0.9943	0.9354	closest neighbor	98.3935	83.8177
GCF_000169235.1	20	Paired	83	ALT	0.9962	0.8861	closest neighbor	98.3935	83.8177
GCF_000169235.1	20	Single	83	ALT	0.9971	0.8248	closest neighbor	98.3935	83.8177
GCF_000154065.1	20	No filter	90	ALT	0.9981	0.8394	closest neighbor	98.4676	90.5942
GCF_000154065.1	20	Paired	90	ALT	0.9983	0.6516	closest neighbor	98.4676	90.5942
GCF_000154065.1	20	Single	90	ALT	0.9976	0.5822	closest neighbor	98.4676	90.5942
GCF_000153885.1	20	No filter	81	ALT	0.9927	0.9131	closest neighbor	97.7133	81.4092
GCF_000153885.1	20	Paired	81	ALT	0.9954	0.8673	closest neighbor	97.7133	81.4092
GCF_000153885.1	20	Single	81	ALT	0.9971	0.7908	closest neighbor	97.7133	81.4092
GCF_020735705.1	20	No filter	91	ALT	0.992	0.8928	closest neighbor	98.4738	91.5348
GCF_020735705.1	20	Paired	91	ALT	0.9924	0.6778	closest neighbor	98.4738	91.5348
GCF_020735705.1	20	Single	91	ALT	0.9918	0.6162	closest neighbor	98.4738	91.5348
GCF_000154085.1	20	No filter	90	ALT	0.9967	0.809	closest neighbor	98.076	90.1893
GCF_000154085.1	20	Paired	90	ALT	0.9985	0.6579	closest neighbor	98.076	90.1893
GCF_000154085.1	20	Single	90	ALT	0.9984	0.5455	closest neighbor	98.076	90.1893
GCF_010509575.1	20	No filter	85	ALT	0.9983	0.9814	closest neighbor	97.3224	85.6609
GCF_010509575.1	20	Paired	85	ALT	0.9996	0.9461	closest neighbor	97.3224	85.6609
GCF_010509575.1	20	Single	85	ALT	0.9991	0.915	closest neighbor	97.3224	85.6609
GCF_014467075.1	20	No filter	91	ALT	0.9922	0.8182	closest neighbor	98.3242	91.7251
GCF_014467075.1	20	Paired	91	ALT	0.9923	0.6801	closest neighbor	98.3242	91.7251
GCF_014467075.1	20	Single	91	ALT	0.9916	0.6032	closest neighbor	98.3242	91.7251
GCF_000012825.1	20	No filter	81	ALT	0.9976	0.9271	closest neighbor	98.9452	81.938
GCF_000012825.1	20	Paired	81	ALT	0.9991	0.8855	closest neighbor	98.9452	81.938
GCF_000012825.1	20	Single	81	ALT	0.999	0.8287	closest neighbor	98.9452	81.938
GCF_000154445.1	20	No filter	87	ALT	0.9969	0.9304	closest neighbor	98.2865	87.4068
GCF_000154445.1	20	Paired	87	ALT	0.9976	0.8702	closest neighbor	98.2865	87.4068
GCF_000154445.1	20	Single	87	ALT	0.9986	0.8061	closest neighbor	98.2865	87.4068
GCF_000154525.1	20	No filter	87	ALT	0.9974	0.9442	closest neighbor	98.3117	87.3889
GCF_000154525.1	20	Paired	87	ALT	0.9983	0.9201	closest neighbor	98.3117	87.3889
GCF_000154525.1	20	Single	87	ALT	0.9987	0.8933	closest neighbor	98.3117	87.3889
GCF_000173795.1	20	No filter	93	ALT	0.9962	0.8694	closest neighbor	95.9391	93.0982
GCF_000173795.1	20	Paired	93	ALT	0.9983	0.5516	closest neighbor	95.9391	93.0982
GCF_000173795.1	20	Single	93	ALT	0.9975	0.5017	closest neighbor	95.9391	93.0982
GCF_020731235.1	20	No filter	83	ALT	0.9967	0.9445	closest neighbor	97.8021	83.6882
GCF_020731235.1	20	Paired	83	ALT	0.9982	0.9234	closest neighbor	97.8021	83.6882
GCF_020731235.1	20	Single	83	ALT	0.9983	0.8683	closest neighbor	97.8021	83.6882
GCF_000024265.1	20	No filter	84	ALT	0.9961	0.8945	closest neighbor	98.6876	84.2773
GCF_000024265.1	20	Paired	84	ALT	0.9978	0.786	closest neighbor	98.6876	84.2773
GCF_000024265.1	20	Single	84	ALT	0.9969	0.6956	closest neighbor	98.6876	84.2773
GCF_000156195.1	20	No filter	86	ALT	0.9959	0.773	closest neighbor	98.5198	86.24
GCF_000156195.1	20	Paired	86	ALT	0.9978	0.669	closest neighbor	98.5198	86.24
GCF_000156195.1	20	Single	86	ALT	0.9976	0.6107	closest neighbor	98.5198	86.24
GCF_000156655.1	20	No filter	90	ALT	0.9972	0.9482	closest neighbor	96.8834	90.7046
GCF_000156655.1	20	Paired	90	ALT	0.9991	0.7979	closest neighbor	96.8834	90.7046
GCF_000156655.1	20	Single	90	ALT	0.9981	0.7257	closest neighbor	96.8834	90.7046
GCF_900537995.1	20	No filter	91	ALT	0.9889	0.8299	closest neighbor	98.4563	91.0426
GCF_900537995.1	20	Paired	91	ALT	0.9916	0.6651	closest neighbor	98.4563	91.0426
GCF_900537995.1	20	Single	91	ALT	0.9903	0.5644	closest neighbor	98.4563	91.0426
GCF_002222595.2	20	No filter	94	ALT	0.9963	0.7168	closest neighbor	98.7957	94.0291
GCF_002222595.2	20	Paired	94	ALT	0.9985	0.4616	closest neighbor	98.7957	94.0291
GCF_002222595.2	20	Single	94	ALT	0.9998	0.3372	closest neighbor	98.7957	94.0291
GCF_020735445.1	20	No filter	86	ALT	0.9935	0.9139	closest neighbor	96.3402	86.1911
GCF_020735445.1	20	Paired	86	ALT	0.9982	0.8055	closest neighbor	96.3402	86.1911
GCF_020735445.1	20	Single	86	ALT	0.998	0.7565	closest neighbor	96.3402	86.1911
GCF_016889065.1	20	No filter	91	ALT	0.9947	0.8063	closest neighbor	97.8208	91.9693
GCF_016889065.1	20	Paired	91	ALT	0.9962	0.5778	closest neighbor	97.8208	91.9693
GCF_016889065.1	20	Single	91	ALT	0.9964	0.4933	closest neighbor	97.8208	91.9693
GCF_000157995.1	20	No filter	91	ALT	0.9965	0.9444	closest neighbor	96.0115	91.3792
GCF_000157995.1	20	Paired	91	ALT	0.9981	0.7597	closest neighbor	96.0115	91.3792
GCF_000157995.1	20	Single	91	ALT	0.9983	0.6926	closest neighbor	96.0115	91.3792
GCF_001025215.1	20	No filter	92	ALT	0.9941	0.7118	closest neighbor	98.0204	92.2544
GCF_001025215.1	20	Paired	92	ALT	0.9949	0.4947	closest neighbor	98.0204	92.2544
GCF_001025215.1	20	Single	92	ALT	0.9924	0.4135	closest neighbor	98.0204	92.2544
GCF_008281175.1	20	No filter	81	ALT	0.9971	0.9848	closest neighbor	98.3438	81.943
GCF_008281175.1	20	Paired	81	ALT	0.9992	0.9749	closest neighbor	98.3438	81.943
GCF_008281175.1	20	Single	81	ALT	0.9992	0.9553	closest neighbor	98.3438	81.943
GCF_000158335.2	20	No filter	81	ALT	0.9946	0.9185	closest neighbor	98.8624	81.6805
GCF_000158335.2	20	Paired	81	ALT	0.9951	0.8316	closest neighbor	98.8624	81.6805
GCF_000158335.2	20	Single	81	ALT	0.995	0.7557	closest neighbor	98.8624	81.6805
GCF_000230275.1	20	No filter	91	ALT	0.9944	0.9077	closest neighbor	98.7127	91.171
GCF_000230275.1	20	Paired	91	ALT	0.999	0.8172	closest neighbor	98.7127	91.171
GCF_000230275.1	20	Single	91	ALT	0.998	0.7918	closest neighbor	98.7127	91.171
GCF_020735645.1	20	No filter	90	ALT	0.9922	0.9379	closest neighbor	98.6769	90.1108
GCF_020735645.1	20	Paired	90	ALT	0.9955	0.8963	closest neighbor	98.6769	90.1108
GCF_020735645.1	20	Single	90	ALT	0.9932	0.8195	closest neighbor	98.6769	90.1108
GCF_020731525.1	20	No filter	90	ALT	0.9909	0.8752	closest neighbor	96.7765	90.4905
GCF_020731525.1	20	Paired	90	ALT	0.9971	0.7317	closest neighbor	96.7765	90.4905
GCF_020731525.1	20	Single	90	ALT	0.9925	0.6142	closest neighbor	96.7765	90.4905
GCF_000210075.1	20	No filter	92	ALT	0.9981	0.8146	closest neighbor	97.494	92.4409
GCF_000210075.1	20	Paired	92	ALT	0.9988	0.6304	closest neighbor	97.494	92.4409
GCF_000210075.1	20	Single	92	ALT	0.9981	0.5856	closest neighbor	97.494	92.4409
GCF_000265365.1	20	No filter	84	ALT	0.9945	0.9502	closest neighbor	97.3946	84.2581
GCF_000265365.1	20	Paired	84	ALT	0.9972	0.9179	closest neighbor	97.3946	84.2581
GCF_000265365.1	20	Single	84	ALT	0.9987	0.8414	closest neighbor	97.3946	84.2581
GCF_000210575.1	20	No filter	93	ALT	0.9925	0.9122	closest neighbor	98.108	93.8331
GCF_000210575.1	20	Paired	93	ALT	0.9951	0.8551	closest neighbor	98.108	93.8331
GCF_000210575.1	20	Single	93	ALT	0.9945	0.8157	closest neighbor	98.108	93.8331
GCF_000484655.1	20	No filter	87	ALT	0.9932	0.9034	closest neighbor	97.1325	87.6992
GCF_000484655.1	20	Paired	87	ALT	0.9981	0.777	closest neighbor	97.1325	87.6992
GCF_000484655.1	20	Single	87	ALT	0.9979	0.7035	closest neighbor	97.1325	87.6992
GCF_000261265.1	20	No filter	86	ALT	0.9975	0.8976	closest neighbor	98.2208	86.8852
GCF_000261265.1	20	Paired	86	ALT	0.9984	0.811	closest neighbor	98.2208	86.8852
GCF_000261265.1	20	Single	86	ALT	0.999	0.7097	closest neighbor	98.2208	86.8852
GCF_000374505.1	20	No filter	85	ALT	0.9962	0.9414	closest neighbor	96.7485	85.0837
GCF_000374505.1	20	Paired	85	ALT	0.9983	0.8798	closest neighbor	96.7485	85.0837
GCF_000374505.1	20	Single	85	ALT	0.9987	0.7621	closest neighbor	96.7485	85.0837
GCF_020735725.1	20	No filter	91	ALT	0.9923	0.9493	closest neighbor	98.171	91.3394
GCF_020735725.1	20	Paired	91	ALT	0.9959	0.8753	closest neighbor	98.171	91.3394
GCF_020735725.1	20	Single	91	ALT	0.9962	0.828	closest neighbor	98.171	91.3394
GCF_004154955.1	20	No filter	80	ALT	0.9957	0.9716	closest neighbor	97.9334	80.4694
GCF_004154955.1	20	Paired	80	ALT	0.9973	0.9406	closest neighbor	97.9334	80.4694
GCF_004154955.1	20	Single	80	ALT	0.9974	0.8821	closest neighbor	97.9334	80.4694
GCF_000478885.1	20	No filter	80	ALT	0.9967	0.92	closest neighbor	95.9426	80.7729
GCF_000478885.1	20	Paired	80	ALT	0.9978	0.8139	closest neighbor	95.9426	80.7729
GCF_000478885.1	20	Single	80	ALT	0.9983	0.674	closest neighbor	95.9426	80.7729
GCF_000701705.1	20	No filter	91	ALT	0.9931	0.9624	closest neighbor	98.4312	91.7445
GCF_000701705.1	20	Paired	91	ALT	0.997	0.9437	closest neighbor	98.4312	91.7445
GCF_000701705.1	20	Single	91	ALT	0.9951	0.9071	closest neighbor	98.4312	91.7445
GCF_902374895.1	20	No filter	78	ALT	0.9967	0.9449	closest neighbor	98.5905	78.016
GCF_902374895.1	20	Paired	78	ALT	0.9983	0.9187	closest neighbor	98.5905	78.016
GCF_902374895.1	20	Single	78	ALT	0.9994	0.8472	closest neighbor	98.5905	78.016
GCF_000154245.1	20	No filter	94	ALT	0.9923	0.8675	closest neighbor	98.6872	94.0273
GCF_000154245.1	20	Paired	94	ALT	0.9974	0.6334	closest neighbor	98.6872	94.0273
GCF_000154245.1	20	Single	94	ALT	0.9948	0.5748	closest neighbor	98.6872	94.0273
GCF_000157075.2	20	No filter	81	ALT	0.9986	0.9634	closest neighbor	99.0559	81.088
GCF_000157075.2	20	Paired	81	ALT	0.9993	0.9143	closest neighbor	99.0559	81.088
GCF_000157075.2	20	Single	81	ALT	0.9993	0.8285	closest neighbor	99.0559	81.088
GCF_000159075.2	20	No filter	93	ALT	0.9964	0.725	closest neighbor	95.5427	93.1653
GCF_000159075.2	20	Paired	93	ALT	0.9969	0.4785	closest neighbor	95.5427	93.1653
GCF_000159075.2	20	Single	93	ALT	0.9978	0.4263	closest neighbor	95.5427	93.1653
GCF_000162155.1	20	No filter	92	ALT	0.9982	0.833	closest neighbor	97.494	92.1413
GCF_000162155.1	20	Paired	92	ALT	0.9986	0.6228	closest neighbor	97.494	92.1413
GCF_000162155.1	20	Single	92	ALT	0.9982	0.5808	closest neighbor	97.494	92.1413
GCF_000163735.1	20	No filter	94	ALT	0.9996	0.7414	closest neighbor	97.3749	94.4147
GCF_000163735.1	20	Paired	94	ALT	0.9994	0.4618	closest neighbor	97.3749	94.4147
GCF_000163735.1	20	Single	94	ALT	0.9996	0.4005	closest neighbor	97.3749	94.4147
GCF_000466565.1	20	No filter	90	ALT	0.9971	0.9007	closest neighbor	98.1095	90.1564
GCF_000466565.1	20	Paired	90	ALT	0.9976	0.7789	closest neighbor	98.1095	90.1564
GCF_000466565.1	20	Single	90	ALT	0.9982	0.7175	closest neighbor	98.1095	90.1564
GCF_000469425.1	20	No filter	83	ALT	0.996	0.9572	closest neighbor	98.1841	83.1335
GCF_000469425.1	20	Paired	83	ALT	0.9987	0.9235	closest neighbor	98.1841	83.1335
GCF_000469425.1	20	Single	83	ALT	0.9987	0.8563	closest neighbor	98.1841	83.1335
GCF_000020605.1	20	No filter	93	ALT	0.9929	0.9495	closest neighbor	97.4757	93.9196
GCF_000020605.1	20	Paired	93	ALT	0.9945	0.8216	closest neighbor	97.4757	93.9196
GCF_000020605.1	20	Single	93	ALT	0.9943	0.7814	closest neighbor	97.4757	93.9196
GCF_000144975.1	20	No filter	90	ALT	0.996	0.7959	closest neighbor	98.7559	90.8447
GCF_000144975.1	20	Paired	90	ALT	0.9982	0.516	closest neighbor	98.7559	90.8447
GCF_000144975.1	20	Single	90	ALT	0.992	0.3965	closest neighbor	98.7559	90.8447
GCF_000382085.1	20	No filter	91	ALT	0.9946	0.9143	closest neighbor	96.2462	91.8006
GCF_000382085.1	20	Paired	91	ALT	0.998	0.6808	closest neighbor	96.2462	91.8006
GCF_000382085.1	20	Single	91	ALT	0.9977	0.6252	closest neighbor	96.2462	91.8006
GCF_000509025.1	20	No filter	80	ALT	0.9987	0.9602	closest neighbor	99.4964	80.8748
GCF_000509025.1	20	Paired	80	ALT	0.9991	0.941	closest neighbor	99.4964	80.8748
GCF_000509025.1	20	Single	80	ALT	1	0.8856	closest neighbor	99.4964	80.8748
GCF_000509145.1	20	No filter	80	ALT	0.9972	0.9782	closest neighbor	98.4271	80.2234
GCF_000509145.1	20	Paired	80	ALT	0.9984	0.9645	closest neighbor	98.4271	80.2234
GCF_000509145.1	20	Single	80	ALT	0.9989	0.9373	closest neighbor	98.4271	80.2234
GCF_001304715.1	20	No filter	91	ALT	0.9842	0.8444	closest neighbor	97.7412	91.2834
GCF_001304715.1	20	Paired	91	ALT	0.9931	0.7033	closest neighbor	97.7412	91.2834
GCF_001304715.1	20	Single	91	ALT	0.9876	0.5943	closest neighbor	97.7412	91.2834
