accession	sim_cov	filter_type	bt2_bin	sitetype	precision	recall	color_by	intra_species_ani	between_species_ani
GCF_016889925.1	20	No filter	87	REF	0.9999	0.9929	closest neighbor	98.985	87.4809
GCF_016889925.1	20	Paired	87	REF	1	0.9673	closest neighbor	98.985	87.4809
GCF_016889925.1	20	Single	87	REF	1	0.9666	closest neighbor	98.985	87.4809
GCF_000159875.2	20	No filter	89	REF	0.9999	0.9931	closest neighbor	98.4796	89.3421
GCF_000159875.2	20	Paired	89	REF	0.9999	0.9509	closest neighbor	98.4796	89.3421
GCF_000159875.2	20	Single	89	REF	1	0.9478	closest neighbor	98.4796	89.3421
GCF_016117815.1	20	No filter	81	REF	0.9999	0.9966	closest neighbor	98.1336	81.9339
GCF_016117815.1	20	Paired	81	REF	0.9999	0.9886	closest neighbor	98.1336	81.9339
GCF_016117815.1	20	Single	81	REF	1	0.9794	closest neighbor	98.1336	81.9339
GCF_902373865.1	20	No filter	94	REF	0.9999	0.9935	closest neighbor	98.1774	94.2158
GCF_902373865.1	20	Paired	94	REF	0.9999	0.9612	closest neighbor	98.1774	94.2158
GCF_902373865.1	20	Single	94	REF	0.9999	0.9537	closest neighbor	98.1774	94.2158
GCF_902373725.1	20	No filter	92	REF	0.9998	0.9796	closest neighbor	96.8979	92.5099
GCF_902373725.1	20	Paired	92	REF	0.9999	0.8965	closest neighbor	96.8979	92.5099
GCF_902373725.1	20	Single	92	REF	0.9999	0.8847	closest neighbor	96.8979	92.5099
GCF_900637145.1	20	No filter	81	REF	0.9999	0.9957	closest neighbor	98.5862	81.2277
GCF_900637145.1	20	Paired	81	REF	0.9999	0.9882	closest neighbor	98.5862	81.2277
GCF_900637145.1	20	Single	81	REF	1	0.982	closest neighbor	98.5862	81.2277
GCF_902381755.1	20	No filter	93	REF	1	0.9735	closest neighbor	97.85	93.5957
GCF_902381755.1	20	Paired	93	REF	1	0.9246	closest neighbor	97.85	93.5957
GCF_902381755.1	20	Single	93	REF	1	0.9219	closest neighbor	97.85	93.5957
GCF_016894205.1	20	No filter	84	REF	1	0.9985	closest neighbor	98.6555	84.4079
GCF_016894205.1	20	Paired	84	REF	1	0.9961	closest neighbor	98.6555	84.4079
GCF_016894205.1	20	Single	84	REF	1	0.9966	closest neighbor	98.6555	84.4079
GCF_020149745.1	20	No filter	93	REF	0.9999	0.9716	closest neighbor	96.8196	93.1653
GCF_020149745.1	20	Paired	93	REF	0.9999	0.8606	closest neighbor	96.8196	93.1653
GCF_020149745.1	20	Single	93	REF	1	0.8517	closest neighbor	96.8196	93.1653
GCF_020735565.1	20	No filter	84	REF	0.9998	0.9952	closest neighbor	98.2579	84.1765
GCF_020735565.1	20	Paired	84	REF	0.9999	0.9723	closest neighbor	98.2579	84.1765
GCF_020735565.1	20	Single	84	REF	1	0.957	closest neighbor	98.2579	84.1765
GCF_902373765.1	20	No filter	81	REF	0.9998	0.9972	closest neighbor	98.482	81.2606
GCF_902373765.1	20	Paired	81	REF	0.9999	0.9908	closest neighbor	98.482	81.2606
GCF_902373765.1	20	Single	81	REF	0.9999	0.9881	closest neighbor	98.482	81.2606
GCF_003470975.1	20	No filter	80	REF	0.9999	0.9969	closest neighbor	98.8134	80.9337
GCF_003470975.1	20	Paired	80	REF	0.9999	0.9903	closest neighbor	98.8134	80.9337
GCF_003470975.1	20	Single	80	REF	1	0.99	closest neighbor	98.8134	80.9337
GCF_016904015.1	20	No filter	79	REF	0.9999	0.9838	closest neighbor	96.9788	79.2144
GCF_016904015.1	20	Paired	79	REF	0.9999	0.9687	closest neighbor	96.9788	79.2144
GCF_016904015.1	20	Single	79	REF	1	0.9579	closest neighbor	96.9788	79.2144
GCF_020735745.1	20	No filter	93	REF	0.9998	0.8764	closest neighbor	95.6253	93.9917
GCF_020735745.1	20	Paired	93	REF	0.9999	0.5373	closest neighbor	95.6253	93.9917
GCF_020735745.1	20	Single	93	REF	0.9999	0.5353	closest neighbor	95.6253	93.9917
GCF_018140635.1	20	No filter	86	REF	0.9998	0.9841	closest neighbor	97.7199	86.5667
GCF_018140635.1	20	Paired	86	REF	0.9998	0.942	closest neighbor	97.7199	86.5667
GCF_018140635.1	20	Single	86	REF	0.9999	0.9394	closest neighbor	97.7199	86.5667
GCF_902387655.1	20	No filter	94	REF	0.9999	0.9706	closest neighbor	97.5775	94.5897
GCF_902387655.1	20	Paired	94	REF	0.9999	0.7173	closest neighbor	97.5775	94.5897
GCF_902387655.1	20	Single	94	REF	0.9999	0.7146	closest neighbor	97.5775	94.5897
GCF_902373885.1	20	No filter	80	REF	0.9999	0.9983	closest neighbor	99.1997	80.0074
GCF_902373885.1	20	Paired	80	REF	0.9999	0.9937	closest neighbor	99.1997	80.0074
GCF_902373885.1	20	Single	80	REF	0.9999	0.9911	closest neighbor	99.1997	80.0074
GCF_020735605.1	20	No filter	92	REF	0.9999	0.9784	closest neighbor	97.4226	92.7743
GCF_020735605.1	20	Paired	92	REF	0.9999	0.8163	closest neighbor	97.4226	92.7743
GCF_020735605.1	20	Single	92	REF	0.9999	0.8101	closest neighbor	97.4226	92.7743
GCF_002222615.2	20	No filter	83	REF	1	0.9982	closest neighbor	99.2348	83.2218
GCF_002222615.2	20	Paired	83	REF	1	0.9881	closest neighbor	99.2348	83.2218
GCF_002222615.2	20	Single	83	REF	1	0.9876	closest neighbor	99.2348	83.2218
GCF_902373875.1	20	No filter	90	REF	0.9996	0.9907	closest neighbor	96.5259	90.4364
GCF_902373875.1	20	Paired	90	REF	0.9997	0.9571	closest neighbor	96.5259	90.4364
GCF_902373875.1	20	Single	90	REF	0.9999	0.9348	closest neighbor	96.5259	90.4364
GCF_003468235.1	20	No filter	87	REF	0.9999	0.9964	closest neighbor	98.6842	87.1837
GCF_003468235.1	20	Paired	87	REF	0.9999	0.9853	closest neighbor	98.6842	87.1837
GCF_003468235.1	20	Single	87	REF	1	0.9854	closest neighbor	98.6842	87.1837
GCF_016889665.1	20	No filter	92	REF	0.9997	0.995	closest neighbor	96.823	92.0732
GCF_016889665.1	20	Paired	92	REF	0.9998	0.9551	closest neighbor	96.823	92.0732
GCF_016889665.1	20	Single	92	REF	0.9999	0.9411	closest neighbor	96.823	92.0732
GCF_000203855.3	20	No filter	82	REF	0.9999	0.9985	closest neighbor	98.7682	82.1912
GCF_000203855.3	20	Paired	82	REF	0.9999	0.9809	closest neighbor	98.7682	82.1912
GCF_000203855.3	20	Single	82	REF	1	0.9809	closest neighbor	98.7682	82.1912
GCF_902374375.1	20	No filter	93	REF	0.9999	0.9821	closest neighbor	97.6312	93.5807
GCF_902374375.1	20	Paired	93	REF	1	0.8406	closest neighbor	97.6312	93.5807
GCF_902374375.1	20	Single	93	REF	1	0.8362	closest neighbor	97.6312	93.5807
GCF_020736685.1	20	No filter	92	REF	0.9998	0.9944	closest neighbor	98.1992	92.2639
GCF_020736685.1	20	Paired	92	REF	0.9999	0.9753	closest neighbor	98.1992	92.2639
GCF_020736685.1	20	Single	92	REF	0.9999	0.9718	closest neighbor	98.1992	92.2639
GCF_003466005.1	20	No filter	94	REF	0.9999	0.9859	closest neighbor	98.3958	94.1427
GCF_003466005.1	20	Paired	94	REF	0.9999	0.9633	closest neighbor	98.3958	94.1427
GCF_003466005.1	20	Single	94	REF	1	0.9631	closest neighbor	98.3958	94.1427
GCF_000020225.1	20	No filter	94	REF	0.9999	0.9495	closest neighbor	97.3851	94.7424
GCF_000020225.1	20	Paired	94	REF	0.9999	0.7514	closest neighbor	97.3851	94.7424
GCF_000020225.1	20	Single	94	REF	1	0.7448	closest neighbor	97.3851	94.7424
GCF_013009555.1	20	No filter	81	REF	0.9999	0.9974	closest neighbor	98.9447	81.6805
GCF_013009555.1	20	Paired	81	REF	0.9999	0.9746	closest neighbor	98.9447	81.6805
GCF_013009555.1	20	Single	81	REF	1	0.9732	closest neighbor	98.9447	81.6805
GCF_016888945.1	20	No filter	80	REF	0.9999	0.9989	closest neighbor	98.8787	80.0427
GCF_016888945.1	20	Paired	80	REF	0.9999	0.9941	closest neighbor	98.8787	80.0427
GCF_016888945.1	20	Single	80	REF	0.9999	0.9944	closest neighbor	98.8787	80.0427
GCF_020735865.1	20	No filter	92	REF	0.9998	0.9853	closest neighbor	96.6304	92.3034
GCF_020735865.1	20	Paired	92	REF	0.9999	0.9039	closest neighbor	96.6304	92.3034
GCF_020735865.1	20	Single	92	REF	0.9999	0.8984	closest neighbor	96.6304	92.3034
GCF_016904155.1	20	No filter	80	REF	0.9999	0.9959	closest neighbor	97.6536	80.5856
GCF_016904155.1	20	Paired	80	REF	0.9999	0.986	closest neighbor	97.6536	80.5856
GCF_016904155.1	20	Single	80	REF	0.9999	0.9804	closest neighbor	97.6536	80.5856
GCF_000153905.1	20	No filter	84	REF	0.9998	0.9904	closest neighbor	98.2124	84.7145
GCF_000153905.1	20	Paired	84	REF	0.9999	0.9521	closest neighbor	98.2124	84.7145
GCF_000153905.1	20	Single	84	REF	0.9999	0.9424	closest neighbor	98.2124	84.7145
GCF_000153925.1	20	No filter	84	REF	0.9999	0.9978	closest neighbor	99.2117	84.8779
GCF_000153925.1	20	Paired	84	REF	0.9999	0.992	closest neighbor	99.2117	84.8779
GCF_000153925.1	20	Single	84	REF	1	0.9916	closest neighbor	99.2117	84.8779
GCF_000169235.1	20	No filter	83	REF	0.9998	0.9949	closest neighbor	98.3935	83.8177
GCF_000169235.1	20	Paired	83	REF	0.9999	0.9576	closest neighbor	98.3935	83.8177
GCF_000169235.1	20	Single	83	REF	0.9999	0.9544	closest neighbor	98.3935	83.8177
GCF_000154065.1	20	No filter	90	REF	0.9999	0.981	closest neighbor	98.4676	90.5942
GCF_000154065.1	20	Paired	90	REF	0.9999	0.8689	closest neighbor	98.4676	90.5942
GCF_000154065.1	20	Single	90	REF	1	0.8673	closest neighbor	98.4676	90.5942
GCF_000153885.1	20	No filter	81	REF	0.9998	0.9948	closest neighbor	97.7133	81.4092
GCF_000153885.1	20	Paired	81	REF	0.9998	0.9823	closest neighbor	97.7133	81.4092
GCF_000153885.1	20	Single	81	REF	0.9999	0.9795	closest neighbor	97.7133	81.4092
GCF_020735705.1	20	No filter	91	REF	0.9999	0.9865	closest neighbor	98.4738	91.5348
GCF_020735705.1	20	Paired	91	REF	0.9999	0.8985	closest neighbor	98.4738	91.5348
GCF_020735705.1	20	Single	91	REF	0.9999	0.8951	closest neighbor	98.4738	91.5348
GCF_000154085.1	20	No filter	90	REF	0.9999	0.9839	closest neighbor	98.076	90.1893
GCF_000154085.1	20	Paired	90	REF	0.9999	0.8971	closest neighbor	98.076	90.1893
GCF_000154085.1	20	Single	90	REF	1	0.8883	closest neighbor	98.076	90.1893
GCF_010509575.1	20	No filter	85	REF	0.9999	0.9974	closest neighbor	97.3224	85.6609
GCF_010509575.1	20	Paired	85	REF	0.9999	0.9825	closest neighbor	97.3224	85.6609
GCF_010509575.1	20	Single	85	REF	1	0.9807	closest neighbor	97.3224	85.6609
GCF_014467075.1	20	No filter	91	REF	0.9999	0.9844	closest neighbor	98.3242	91.7251
GCF_014467075.1	20	Paired	91	REF	0.9999	0.9393	closest neighbor	98.3242	91.7251
GCF_014467075.1	20	Single	91	REF	1	0.934	closest neighbor	98.3242	91.7251
GCF_000012825.1	20	No filter	81	REF	1	0.9968	closest neighbor	98.9452	81.938
GCF_000012825.1	20	Paired	81	REF	1	0.9857	closest neighbor	98.9452	81.938
GCF_000012825.1	20	Single	81	REF	1	0.9852	closest neighbor	98.9452	81.938
GCF_000154445.1	20	No filter	87	REF	0.9999	0.9931	closest neighbor	98.2865	87.4068
GCF_000154445.1	20	Paired	87	REF	0.9999	0.9619	closest neighbor	98.2865	87.4068
GCF_000154445.1	20	Single	87	REF	0.9999	0.9577	closest neighbor	98.2865	87.4068
GCF_000154525.1	20	No filter	87	REF	0.9999	0.9972	closest neighbor	98.3117	87.3889
GCF_000154525.1	20	Paired	87	REF	0.9999	0.9711	closest neighbor	98.3117	87.3889
GCF_000154525.1	20	Single	87	REF	1	0.9705	closest neighbor	98.3117	87.3889
GCF_000173795.1	20	No filter	93	REF	0.9997	0.9486	closest neighbor	95.9391	93.0982
GCF_000173795.1	20	Paired	93	REF	0.9999	0.6965	closest neighbor	95.9391	93.0982
GCF_000173795.1	20	Single	93	REF	0.9999	0.6925	closest neighbor	95.9391	93.0982
GCF_020731235.1	20	No filter	83	REF	0.9999	0.9957	closest neighbor	97.8021	83.6882
GCF_020731235.1	20	Paired	83	REF	0.9999	0.9883	closest neighbor	97.8021	83.6882
GCF_020731235.1	20	Single	83	REF	1	0.9867	closest neighbor	97.8021	83.6882
GCF_000024265.1	20	No filter	84	REF	0.9999	0.9958	closest neighbor	98.6876	84.2773
GCF_000024265.1	20	Paired	84	REF	0.9999	0.9851	closest neighbor	98.6876	84.2773
GCF_000024265.1	20	Single	84	REF	1	0.9818	closest neighbor	98.6876	84.2773
GCF_000156195.1	20	No filter	86	REF	0.9999	0.9868	closest neighbor	98.5198	86.24
GCF_000156195.1	20	Paired	86	REF	0.9999	0.956	closest neighbor	98.5198	86.24
GCF_000156195.1	20	Single	86	REF	1	0.9548	closest neighbor	98.5198	86.24
GCF_000156655.1	20	No filter	90	REF	0.9998	0.9904	closest neighbor	96.8834	90.7046
GCF_000156655.1	20	Paired	90	REF	0.9999	0.9284	closest neighbor	96.8834	90.7046
GCF_000156655.1	20	Single	90	REF	0.9999	0.9238	closest neighbor	96.8834	90.7046
GCF_900537995.1	20	No filter	91	REF	0.9998	0.9804	closest neighbor	98.4563	91.0426
GCF_900537995.1	20	Paired	91	REF	0.9999	0.8836	closest neighbor	98.4563	91.0426
GCF_900537995.1	20	Single	91	REF	0.9999	0.8795	closest neighbor	98.4563	91.0426
GCF_002222595.2	20	No filter	94	REF	0.9999	0.9718	closest neighbor	98.7957	94.0291
GCF_002222595.2	20	Paired	94	REF	1	0.8593	closest neighbor	98.7957	94.0291
GCF_002222595.2	20	Single	94	REF	1	0.8483	closest neighbor	98.7957	94.0291
GCF_020735445.1	20	No filter	86	REF	0.9996	0.9861	closest neighbor	96.3402	86.1911
GCF_020735445.1	20	Paired	86	REF	0.9997	0.932	closest neighbor	96.3402	86.1911
GCF_020735445.1	20	Single	86	REF	0.9998	0.9289	closest neighbor	96.3402	86.1911
GCF_016889065.1	20	No filter	91	REF	0.9999	0.979	closest neighbor	97.8208	91.9693
GCF_016889065.1	20	Paired	91	REF	0.9999	0.9031	closest neighbor	97.8208	91.9693
GCF_016889065.1	20	Single	91	REF	1	0.8954	closest neighbor	97.8208	91.9693
GCF_000157995.1	20	No filter	91	REF	0.9998	0.9793	closest neighbor	96.0115	91.3792
GCF_000157995.1	20	Paired	91	REF	0.9999	0.842	closest neighbor	96.0115	91.3792
GCF_000157995.1	20	Single	91	REF	0.9999	0.8288	closest neighbor	96.0115	91.3792
GCF_001025215.1	20	No filter	92	REF	0.9999	0.9615	closest neighbor	98.0204	92.2544
GCF_001025215.1	20	Paired	92	REF	0.9999	0.891	closest neighbor	98.0204	92.2544
GCF_001025215.1	20	Single	92	REF	1	0.8828	closest neighbor	98.0204	92.2544
GCF_008281175.1	20	No filter	81	REF	0.9998	0.9979	closest neighbor	98.3438	81.943
GCF_008281175.1	20	Paired	81	REF	0.9999	0.9933	closest neighbor	98.3438	81.943
GCF_008281175.1	20	Single	81	REF	1	0.9938	closest neighbor	98.3438	81.943
GCF_000158335.2	20	No filter	81	REF	0.9999	0.9978	closest neighbor	98.8624	81.6805
GCF_000158335.2	20	Paired	81	REF	1	0.9875	closest neighbor	98.8624	81.6805
GCF_000158335.2	20	Single	81	REF	1	0.9856	closest neighbor	98.8624	81.6805
GCF_000230275.1	20	No filter	91	REF	0.9999	0.9923	closest neighbor	98.7127	91.171
GCF_000230275.1	20	Paired	91	REF	1	0.9693	closest neighbor	98.7127	91.171
GCF_000230275.1	20	Single	91	REF	1	0.9696	closest neighbor	98.7127	91.171
GCF_020735645.1	20	No filter	90	REF	0.9999	0.997	closest neighbor	98.6769	90.1108
GCF_020735645.1	20	Paired	90	REF	0.9999	0.987	closest neighbor	98.6769	90.1108
GCF_020735645.1	20	Single	90	REF	0.9999	0.9847	closest neighbor	98.6769	90.1108
GCF_020731525.1	20	No filter	90	REF	0.9997	0.9772	closest neighbor	96.7765	90.4905
GCF_020731525.1	20	Paired	90	REF	0.9998	0.8824	closest neighbor	96.7765	90.4905
GCF_020731525.1	20	Single	90	REF	0.9999	0.8704	closest neighbor	96.7765	90.4905
GCF_000210075.1	20	No filter	92	REF	0.9999	0.9649	closest neighbor	97.494	92.4409
GCF_000210075.1	20	Paired	92	REF	0.9999	0.8481	closest neighbor	97.494	92.4409
GCF_000210075.1	20	Single	92	REF	1	0.8451	closest neighbor	97.494	92.4409
GCF_000265365.1	20	No filter	84	REF	0.9997	0.9959	closest neighbor	97.3946	84.2581
GCF_000265365.1	20	Paired	84	REF	0.9998	0.9892	closest neighbor	97.3946	84.2581
GCF_000265365.1	20	Single	84	REF	0.9999	0.9801	closest neighbor	97.3946	84.2581
GCF_000210575.1	20	No filter	93	REF	0.9999	0.9938	closest neighbor	98.108	93.8331
GCF_000210575.1	20	Paired	93	REF	0.9999	0.976	closest neighbor	98.108	93.8331
GCF_000210575.1	20	Single	93	REF	0.9999	0.9751	closest neighbor	98.108	93.8331
GCF_000484655.1	20	No filter	87	REF	0.9998	0.9876	closest neighbor	97.1325	87.6992
GCF_000484655.1	20	Paired	87	REF	0.9999	0.9381	closest neighbor	97.1325	87.6992
GCF_000484655.1	20	Single	87	REF	0.9999	0.9351	closest neighbor	97.1325	87.6992
GCF_000261265.1	20	No filter	86	REF	0.9999	0.9928	closest neighbor	98.2208	86.8852
GCF_000261265.1	20	Paired	86	REF	0.9999	0.9721	closest neighbor	98.2208	86.8852
GCF_000261265.1	20	Single	86	REF	1	0.9679	closest neighbor	98.2208	86.8852
GCF_000374505.1	20	No filter	85	REF	0.9998	0.9936	closest neighbor	96.7485	85.0837
GCF_000374505.1	20	Paired	85	REF	0.9998	0.9802	closest neighbor	96.7485	85.0837
GCF_000374505.1	20	Single	85	REF	0.9999	0.96	closest neighbor	96.7485	85.0837
GCF_020735725.1	20	No filter	91	REF	0.9999	0.9959	closest neighbor	98.171	91.3394
GCF_020735725.1	20	Paired	91	REF	0.9999	0.983	closest neighbor	98.171	91.3394
GCF_020735725.1	20	Single	91	REF	1	0.9789	closest neighbor	98.171	91.3394
GCF_004154955.1	20	No filter	80	REF	0.9999	0.9985	closest neighbor	97.9334	80.4694
GCF_004154955.1	20	Paired	80	REF	0.9999	0.9891	closest neighbor	97.9334	80.4694
GCF_004154955.1	20	Single	80	REF	1	0.9859	closest neighbor	97.9334	80.4694
GCF_000478885.1	20	No filter	80	REF	0.9997	0.9899	closest neighbor	95.9426	80.7729
GCF_000478885.1	20	Paired	80	REF	0.9998	0.9622	closest neighbor	95.9426	80.7729
GCF_000478885.1	20	Single	80	REF	0.9999	0.9328	closest neighbor	95.9426	80.7729
GCF_000701705.1	20	No filter	91	REF	0.9999	0.9976	closest neighbor	98.4312	91.7445
GCF_000701705.1	20	Paired	91	REF	0.9999	0.9907	closest neighbor	98.4312	91.7445
GCF_000701705.1	20	Single	91	REF	0.9999	0.9901	closest neighbor	98.4312	91.7445
GCF_902374895.1	20	No filter	78	REF	0.9999	0.9968	closest neighbor	98.5905	78.016
GCF_902374895.1	20	Paired	78	REF	0.9999	0.9938	closest neighbor	98.5905	78.016
GCF_902374895.1	20	Single	78	REF	0.9999	0.9878	closest neighbor	98.5905	78.016
GCF_000154245.1	20	No filter	94	REF	0.9999	0.9832	closest neighbor	98.6872	94.0273
GCF_000154245.1	20	Paired	94	REF	0.9999	0.8336	closest neighbor	98.6872	94.0273
GCF_000154245.1	20	Single	94	REF	1	0.8309	closest neighbor	98.6872	94.0273
GCF_000157075.2	20	No filter	81	REF	0.9998	0.9985	closest neighbor	99.0559	81.088
GCF_000157075.2	20	Paired	81	REF	0.9999	0.9927	closest neighbor	99.0559	81.088
GCF_000157075.2	20	Single	81	REF	0.9999	0.9911	closest neighbor	99.0559	81.088
GCF_000159075.2	20	No filter	93	REF	0.9999	0.9495	closest neighbor	95.5427	93.1653
GCF_000159075.2	20	Paired	93	REF	0.9999	0.816	closest neighbor	95.5427	93.1653
GCF_000159075.2	20	Single	93	REF	1	0.8098	closest neighbor	95.5427	93.1653
GCF_000162155.1	20	No filter	92	REF	0.9999	0.9707	closest neighbor	97.494	92.1413
GCF_000162155.1	20	Paired	92	REF	0.9999	0.8471	closest neighbor	97.494	92.1413
GCF_000162155.1	20	Single	92	REF	1	0.8442	closest neighbor	97.494	92.1413
GCF_000163735.1	20	No filter	94	REF	0.9999	0.927	closest neighbor	97.3749	94.4147
GCF_000163735.1	20	Paired	94	REF	1	0.7564	closest neighbor	97.3749	94.4147
GCF_000163735.1	20	Single	94	REF	1	0.7463	closest neighbor	97.3749	94.4147
GCF_000466565.1	20	No filter	90	REF	0.9999	0.9833	closest neighbor	98.1095	90.1564
GCF_000466565.1	20	Paired	90	REF	0.9999	0.9155	closest neighbor	98.1095	90.1564
GCF_000466565.1	20	Single	90	REF	1	0.9105	closest neighbor	98.1095	90.1564
GCF_000469425.1	20	No filter	83	REF	0.9999	0.996	closest neighbor	98.1841	83.1335
GCF_000469425.1	20	Paired	83	REF	1	0.9895	closest neighbor	98.1841	83.1335
GCF_000469425.1	20	Single	83	REF	1	0.9885	closest neighbor	98.1841	83.1335
GCF_000020605.1	20	No filter	93	REF	0.9998	0.9932	closest neighbor	97.4757	93.9196
GCF_000020605.1	20	Paired	93	REF	0.9999	0.9284	closest neighbor	97.4757	93.9196
GCF_000020605.1	20	Single	93	REF	0.9999	0.9271	closest neighbor	97.4757	93.9196
GCF_000144975.1	20	No filter	90	REF	0.9999	0.9898	closest neighbor	98.7559	90.8447
GCF_000144975.1	20	Paired	90	REF	1	0.9362	closest neighbor	98.7559	90.8447
GCF_000144975.1	20	Single	90	REF	1	0.9292	closest neighbor	98.7559	90.8447
GCF_000382085.1	20	No filter	91	REF	0.9997	0.9697	closest neighbor	96.2462	91.8006
GCF_000382085.1	20	Paired	91	REF	0.9999	0.7618	closest neighbor	96.2462	91.8006
GCF_000382085.1	20	Single	91	REF	0.9999	0.7574	closest neighbor	96.2462	91.8006
GCF_000509025.1	20	No filter	80	REF	1	0.9991	closest neighbor	99.4964	80.8748
GCF_000509025.1	20	Paired	80	REF	1	0.9979	closest neighbor	99.4964	80.8748
GCF_000509025.1	20	Single	80	REF	1	0.9974	closest neighbor	99.4964	80.8748
GCF_000509145.1	20	No filter	80	REF	0.9999	0.9977	closest neighbor	98.4271	80.2234
GCF_000509145.1	20	Paired	80	REF	0.9999	0.9952	closest neighbor	98.4271	80.2234
GCF_000509145.1	20	Single	80	REF	0.9999	0.9942	closest neighbor	98.4271	80.2234
GCF_001304715.1	20	No filter	91	REF	0.9998	0.9806	closest neighbor	97.7412	91.2834
GCF_001304715.1	20	Paired	91	REF	0.9999	0.9285	closest neighbor	97.7412	91.2834
GCF_001304715.1	20	Single	91	REF	0.9999	0.9186	closest neighbor	97.7412	91.2834
