accession	sim_cov	filter_type	bt2_bin	sitetype	precision	recall	color_by	intra_species_ani	between_species_ani
GCF_016889925.1	20	No filter	100	REF	0.9999	0.9983	representative	98.985	78
GCF_016889925.1	20	No filter	100	ALT	0.9932	0.931	representative	98.985	78
GCF_000159875.2	20	No filter	100	REF	0.9999	0.9978	representative	98.4796	78
GCF_000159875.2	20	No filter	100	ALT	0.9961	0.948	representative	98.4796	78
GCF_016117815.1	20	No filter	100	REF	0.9999	0.9967	representative	98.1336	78
GCF_016117815.1	20	No filter	100	ALT	0.9957	0.9303	representative	98.1336	78
GCF_902373865.1	20	No filter	100	REF	0.9998	0.9948	representative	98.1774	78
GCF_902373865.1	20	No filter	100	ALT	0.994	0.9439	representative	98.1774	78
GCF_902373725.1	20	No filter	100	REF	0.9998	0.9927	representative	96.8979	78
GCF_902373725.1	20	No filter	100	ALT	0.9959	0.9385	representative	96.8979	78
GCF_900637145.1	20	No filter	100	REF	0.9999	0.9957	representative	98.5862	78
GCF_900637145.1	20	No filter	100	ALT	0.9969	0.905	representative	98.5862	78
GCF_902381755.1	20	No filter	100	REF	1	0.9934	representative	97.85	78
GCF_902381755.1	20	No filter	100	ALT	0.9969	0.8908	representative	97.85	78
GCF_016894205.1	20	No filter	100	REF	1	0.9986	representative	98.6555	78
GCF_016894205.1	20	No filter	100	ALT	0.998	0.9494	representative	98.6555	78
GCF_020149745.1	20	No filter	100	REF	0.9999	0.9901	representative	96.8196	78
GCF_020149745.1	20	No filter	100	ALT	0.9964	0.8891	representative	96.8196	78
GCF_900187175.1	20	No filter	100	REF	0.9999	0.9966	representative	98.3372	78
GCF_900187175.1	20	No filter	100	ALT	0.9933	0.8999	representative	98.3372	78
GCF_020735565.1	20	No filter	100	REF	0.9998	0.997	representative	98.2579	78
GCF_020735565.1	20	No filter	100	ALT	0.9936	0.9518	representative	98.2579	78
GCF_902373765.1	20	No filter	100	REF	0.9998	0.9972	representative	98.482	78
GCF_902373765.1	20	No filter	100	ALT	0.9703	0.9097	representative	98.482	78
GCF_003470975.1	20	No filter	100	REF	0.9999	0.9969	representative	98.8134	78
GCF_003470975.1	20	No filter	100	ALT	0.9851	0.8764	representative	98.8134	78
GCF_016904015.1	20	No filter	100	REF	0.9999	0.9837	representative	96.9788	78
GCF_016904015.1	20	No filter	100	ALT	0.9985	0.8023	representative	96.9788	78
GCF_020735745.1	20	No filter	100	REF	0.9998	0.9847	representative	95.6253	78
GCF_020735745.1	20	No filter	100	ALT	0.9962	0.8521	representative	95.6253	78
GCF_018140635.1	20	No filter	100	REF	0.9997	0.9952	representative	97.7199	78
GCF_018140635.1	20	No filter	100	ALT	0.9791	0.908	representative	97.7199	78
GCF_902387655.1	20	No filter	100	REF	0.9999	0.9964	representative	97.5775	78
GCF_902387655.1	20	No filter	100	ALT	0.9955	0.9626	representative	97.5775	78
GCF_902373885.1	20	No filter	100	REF	0.9999	0.9985	representative	99.1997	78
GCF_902373885.1	20	No filter	100	ALT	0.9865	0.9552	representative	99.1997	78
GCF_020735605.1	20	No filter	100	REF	0.9999	0.9946	representative	97.4226	78
GCF_020735605.1	20	No filter	100	ALT	0.9969	0.9247	representative	97.4226	78
GCF_002222615.2	20	No filter	100	REF	1	0.9982	representative	99.2348	78
GCF_002222615.2	20	No filter	100	ALT	0.9863	0.8989	representative	99.2348	78
GCF_902373875.1	20	No filter	100	REF	0.9996	0.9941	representative	96.5259	78
GCF_902373875.1	20	No filter	100	ALT	0.9959	0.9516	representative	96.5259	78
GCF_003468235.1	20	No filter	100	REF	0.9999	0.9984	representative	98.6842	78
GCF_003468235.1	20	No filter	100	ALT	0.9902	0.9558	representative	98.6842	78
GCF_016889665.1	20	No filter	100	REF	0.9997	0.9971	representative	96.823	78
GCF_016889665.1	20	No filter	100	ALT	0.9968	0.9778	representative	96.823	78
GCF_000203855.3	20	No filter	100	REF	0.9999	0.9985	representative	98.7682	78
GCF_000203855.3	20	No filter	100	ALT	0.9898	0.9457	representative	98.7682	78
GCF_902374375.1	20	No filter	100	REF	0.9999	0.9967	representative	97.6312	78
GCF_902374375.1	20	No filter	100	ALT	0.9977	0.9543	representative	97.6312	78
GCF_020736685.1	20	No filter	100	REF	0.9998	0.9964	representative	98.1992	78
GCF_020736685.1	20	No filter	100	ALT	0.9836	0.9223	representative	98.1992	78
GCF_003466005.1	20	No filter	100	REF	0.9999	0.9987	representative	98.3958	78
GCF_003466005.1	20	No filter	100	ALT	0.9975	0.9894	representative	98.3958	78
GCF_000020225.1	20	No filter	100	REF	0.9999	0.9943	representative	97.3851	78
GCF_000020225.1	20	No filter	100	ALT	0.9956	0.9405	representative	97.3851	78
GCF_013009555.1	20	No filter	100	REF	0.9999	0.9979	representative	98.9447	78
GCF_013009555.1	20	No filter	100	ALT	0.9954	0.9375	representative	98.9447	78
GCF_016888945.1	20	No filter	100	REF	0.9999	0.999	representative	98.8787	78
GCF_016888945.1	20	No filter	100	ALT	0.9938	0.9652	representative	98.8787	78
GCF_020735865.1	20	No filter	100	REF	0.9998	0.9947	representative	96.6304	78
GCF_020735865.1	20	No filter	100	ALT	0.9967	0.9331	representative	96.6304	78
GCF_016904155.1	20	No filter	100	REF	0.9999	0.996	representative	97.6536	78
GCF_016904155.1	20	No filter	100	ALT	0.9957	0.9422	representative	97.6536	78
GCF_000153905.1	20	No filter	100	REF	0.9999	0.9925	representative	98.2124	78
GCF_000153905.1	20	No filter	100	ALT	0.9936	0.8695	representative	98.2124	78
GCF_000153925.1	20	No filter	100	REF	0.9999	0.9978	representative	99.2117	78
GCF_000153925.1	20	No filter	100	ALT	0.9893	0.8469	representative	99.2117	78
GCF_000169235.1	20	No filter	100	REF	0.9998	0.9976	representative	98.3935	78
GCF_000169235.1	20	No filter	100	ALT	0.9949	0.9507	representative	98.3935	78
GCF_000154065.1	20	No filter	100	REF	0.9999	0.9967	representative	98.4676	78
GCF_000154065.1	20	No filter	100	ALT	0.996	0.9303	representative	98.4676	78
GCF_000153885.1	20	No filter	100	REF	0.9998	0.9948	representative	97.7133	78
GCF_000153885.1	20	No filter	100	ALT	0.9927	0.9138	representative	97.7133	78
GCF_020735705.1	20	No filter	100	REF	0.9999	0.9982	representative	98.4738	78
GCF_020735705.1	20	No filter	100	ALT	0.9919	0.9592	representative	98.4738	78
GCF_000154085.1	20	No filter	100	REF	0.9999	0.9924	representative	98.076	78
GCF_000154085.1	20	No filter	100	ALT	0.9968	0.862	representative	98.076	78
GCF_010509575.1	20	No filter	100	REF	0.9999	0.9987	representative	97.3224	78
GCF_010509575.1	20	No filter	100	ALT	0.9977	0.9858	representative	97.3224	78
GCF_014467075.1	20	No filter	100	REF	0.9999	0.9946	representative	98.3242	78
GCF_014467075.1	20	No filter	100	ALT	0.9927	0.8828	representative	98.3242	78
GCF_000012825.1	20	No filter	100	REF	1	0.9987	representative	98.9452	78
GCF_000012825.1	20	No filter	100	ALT	0.9976	0.9406	representative	98.9452	78
GCF_000154445.1	20	No filter	100	REF	0.9999	0.9967	representative	98.2865	78
GCF_000154445.1	20	No filter	100	ALT	0.9967	0.9452	representative	98.2865	78
GCF_000154525.1	20	No filter	100	REF	0.9999	0.9976	representative	98.3117	78
GCF_000154525.1	20	No filter	100	ALT	0.9974	0.9452	representative	98.3117	78
GCF_000173795.1	20	No filter	100	REF	0.9997	0.9925	representative	95.9391	78
GCF_000173795.1	20	No filter	100	ALT	0.996	0.9574	representative	95.9391	78
GCF_020731235.1	20	No filter	100	REF	0.9999	0.9977	representative	97.8021	78
GCF_020731235.1	20	No filter	100	ALT	0.997	0.9578	representative	97.8021	78
GCF_000024265.1	20	No filter	100	REF	0.9999	0.9975	representative	98.6876	78
GCF_000024265.1	20	No filter	100	ALT	0.9961	0.9113	representative	98.6876	78
GCF_000156195.1	20	No filter	100	REF	0.9999	0.9945	representative	98.5198	78
GCF_000156195.1	20	No filter	100	ALT	0.9958	0.8407	representative	98.5198	78
GCF_000156655.1	20	No filter	100	REF	0.9998	0.9967	representative	96.8834	78
GCF_000156655.1	20	No filter	100	ALT	0.9973	0.9743	representative	96.8834	78
GCF_900537995.1	20	No filter	100	REF	0.9998	0.996	representative	98.4563	78
GCF_900537995.1	20	No filter	100	ALT	0.9891	0.9188	representative	98.4563	78
GCF_002222595.2	20	No filter	100	REF	0.9999	0.9927	representative	98.7957	78
GCF_002222595.2	20	No filter	100	ALT	0.998	0.871	representative	98.7957	78
GCF_020735445.1	20	No filter	100	REF	0.9996	0.9929	representative	96.3402	78
GCF_020735445.1	20	No filter	100	ALT	0.9942	0.9335	representative	96.3402	78
GCF_016889065.1	20	No filter	100	REF	0.9999	0.9927	representative	97.8208	78
GCF_016889065.1	20	No filter	100	ALT	0.9946	0.8858	representative	97.8208	78
GCF_000157995.1	20	No filter	100	REF	0.9998	0.9943	representative	96.0115	78
GCF_000157995.1	20	No filter	100	ALT	0.9966	0.9714	representative	96.0115	78
GCF_001025215.1	20	No filter	100	REF	0.9999	0.9905	representative	98.0204	78
GCF_001025215.1	20	No filter	100	ALT	0.9924	0.864	representative	98.0204	78
GCF_008281175.1	20	No filter	100	REF	0.9998	0.998	representative	98.3438	78
GCF_008281175.1	20	No filter	100	ALT	0.9971	0.9852	representative	98.3438	78
GCF_000158335.2	20	No filter	100	REF	0.9999	0.998	representative	98.8624	78
GCF_000158335.2	20	No filter	100	ALT	0.9947	0.9235	representative	98.8624	78
GCF_000230275.1	20	No filter	100	REF	0.9999	0.9993	representative	98.7127	78
GCF_000230275.1	20	No filter	100	ALT	0.9944	0.9686	representative	98.7127	78
GCF_020735645.1	20	No filter	100	REF	0.9999	0.9978	representative	98.6769	78
GCF_020735645.1	20	No filter	100	ALT	0.992	0.9417	representative	98.6769	78
GCF_020731525.1	20	No filter	100	REF	0.9997	0.9937	representative	96.7765	78
GCF_020731525.1	20	No filter	100	ALT	0.9902	0.9222	representative	96.7765	78
GCF_000210075.1	20	No filter	100	REF	0.9999	0.9942	representative	97.494	78
GCF_000210075.1	20	No filter	100	ALT	0.9982	0.9218	representative	97.494	78
GCF_000265365.1	20	No filter	100	REF	0.9997	0.9959	representative	97.3946	78
GCF_000265365.1	20	No filter	100	ALT	0.9945	0.9502	representative	97.3946	78
GCF_000210575.1	20	No filter	100	REF	0.9999	0.995	representative	98.108	78
GCF_000210575.1	20	No filter	100	ALT	0.9923	0.9196	representative	98.108	78
GCF_000484655.1	20	No filter	100	REF	0.9998	0.9939	representative	97.1325	78
GCF_000484655.1	20	No filter	100	ALT	0.9927	0.9325	representative	97.1325	78
GCF_000425005.1	20	No filter	100	REF	0.9999	0.9967	representative	97.1909	78
GCF_000425005.1	20	No filter	100	ALT	0.9992	0.9584	representative	97.1909	78
GCF_000261265.1	20	No filter	100	REF	0.9999	0.9952	representative	98.2208	78
GCF_000261265.1	20	No filter	100	ALT	0.9976	0.9211	representative	98.2208	78
GCF_000374505.1	20	No filter	100	REF	0.9998	0.9935	representative	96.7485	78
GCF_000374505.1	20	No filter	100	ALT	0.9962	0.9413	representative	96.7485	78
GCF_020735725.1	20	No filter	100	REF	0.9999	0.9981	representative	98.171	78
GCF_020735725.1	20	No filter	100	ALT	0.9922	0.9627	representative	98.171	78
GCF_004154955.1	20	No filter	100	REF	0.9999	0.9985	representative	97.9334	78
GCF_004154955.1	20	No filter	100	ALT	0.9957	0.9716	representative	97.9334	78
GCF_000478885.1	20	No filter	100	REF	0.9997	0.9903	representative	95.9426	78
GCF_000478885.1	20	No filter	100	ALT	0.9967	0.9209	representative	95.9426	78
GCF_000701705.1	20	No filter	100	REF	0.9999	0.9978	representative	98.4312	78
GCF_000701705.1	20	No filter	100	ALT	0.993	0.9643	representative	98.4312	78
GCF_902374895.1	20	No filter	100	REF	0.9999	0.9968	representative	98.5905	78
GCF_902374895.1	20	No filter	100	ALT	0.9967	0.9449	representative	98.5905	78
GCF_000154245.1	20	No filter	100	REF	0.9999	0.9972	representative	98.6872	78
GCF_000154245.1	20	No filter	100	ALT	0.9909	0.93	representative	98.6872	78
GCF_000157075.2	20	No filter	100	REF	0.9998	0.9984	representative	99.0559	78
GCF_000157075.2	20	No filter	100	ALT	0.9986	0.9636	representative	99.0559	78
GCF_000159075.2	20	No filter	100	REF	0.9999	0.9892	representative	95.5427	78
GCF_000159075.2	20	No filter	100	ALT	0.9957	0.885	representative	95.5427	78
GCF_000162155.1	20	No filter	100	REF	0.9999	0.9946	representative	97.494	78
GCF_000162155.1	20	No filter	100	ALT	0.9979	0.9212	representative	97.494	78
GCF_000163735.1	20	No filter	100	REF	0.9999	0.9925	representative	97.3749	78
GCF_000163735.1	20	No filter	100	ALT	0.9988	0.9256	representative	97.3749	78
GCF_000466565.1	20	No filter	100	REF	0.9999	0.9951	representative	98.1095	78
GCF_000466565.1	20	No filter	100	ALT	0.9972	0.9483	representative	98.1095	78
GCF_000469425.1	20	No filter	100	REF	0.9999	0.9963	representative	98.1841	78
GCF_000469425.1	20	No filter	100	ALT	0.9959	0.9609	representative	98.1841	78
GCF_000020605.1	20	No filter	100	REF	0.9997	0.9975	representative	97.4757	78
GCF_000020605.1	20	No filter	100	ALT	0.9923	0.9665	representative	97.4757	78
GCF_000144975.1	20	No filter	100	REF	0.9999	0.9946	representative	98.7559	78
GCF_000144975.1	20	No filter	100	ALT	0.9958	0.8442	representative	98.7559	78
GCF_000154345.1	20	No filter	100	REF	0.9999	0.9983	representative	98.3478	78
GCF_000154345.1	20	No filter	100	ALT	0.9869	0.9521	representative	98.3478	78
GCF_000382085.1	20	No filter	100	REF	0.9997	0.9956	representative	96.2462	78
GCF_000382085.1	20	No filter	100	ALT	0.9944	0.9656	representative	96.2462	78
GCF_000509025.1	20	No filter	100	REF	1	0.9991	representative	99.4964	78
GCF_000509025.1	20	No filter	100	ALT	0.9988	0.9605	representative	99.4964	78
GCF_000509145.1	20	No filter	100	REF	0.9999	0.9977	representative	98.4271	78
GCF_000509145.1	20	No filter	100	ALT	0.9972	0.9782	representative	98.4271	78
GCF_001304715.1	20	No filter	100	REF	0.9998	0.9947	representative	97.7412	78
GCF_001304715.1	20	No filter	100	ALT	0.9855	0.917	representative	97.7412	78
