accession	db_type	fraction_covered_sites	is_ontarget	ani	between_species_ani	intra_species_ani	color_by	color_by2	shape_by
GCF_000012825.1	db_correct	0.817	TP-neighbor	81.938	81.938	98.9452	TP	NA	Off-target
GCF_000012825.1	db_correct	0.857	TP-target	81.938	81.938	98.9452	TP	NA	On-target
GCF_000020225.1	db_correct	0.77	TP-neighbor	94.7424	94.7424	97.3851	TP	NA	Off-target
GCF_000020225.1	db_correct	0.683	TP-target	94.7424	94.7424	97.3851	TP	NA	On-target
GCF_000020605.1	db_correct	0.592	TP-neighbor	93.9196	93.9196	97.4757	TP	NA	Off-target
GCF_000020605.1	db_correct	0.72	TP-target	93.9196	93.9196	97.4757	TP	NA	On-target
GCF_000024265.1	db_correct	0.962	TP-neighbor	84.2773	84.2773	98.6876	TP	NA	Off-target
GCF_000024265.1	db_correct	0.879	TP-target	84.2773	84.2773	98.6876	TP	NA	On-target
GCF_000144975.1	db_correct	0.763	TP-neighbor	90.8447	90.8447	98.7559	TP	NA	Off-target
GCF_000144975.1	db_correct	0.857	TP-target	90.8447	90.8447	98.7559	TP	NA	On-target
GCF_000153885.1	db_correct	0.906	TP-neighbor	81.4092	81.4092	97.7133	TP	NA	Off-target
GCF_000153885.1	db_correct	0.757	TP-target	81.4092	81.4092	97.7133	TP	NA	On-target
GCF_000153905.1	db_correct	0.771	TP-neighbor	84.7145	84.7145	98.2124	TP	NA	Off-target
GCF_000153905.1	db_correct	0.773	TP-target	84.7145	84.7145	98.2124	TP	NA	On-target
GCF_000153925.1	db_correct	0.939	TP-neighbor	84.8779	84.8779	99.2117	TP	NA	Off-target
GCF_000153925.1	db_correct	0.785	TP-target	84.8779	84.8779	99.2117	TP	NA	On-target
GCF_000154065.1	db_correct	0.683	TP-neighbor	90.5942	90.5942	98.4676	TP	NA	Off-target
GCF_000154065.1	db_correct	0.682	TP-target	90.5942	90.5942	98.4676	TP	NA	On-target
GCF_000154085.1	db_correct	0.816	TP-neighbor	90.1893	90.1893	98.076	TP	NA	Off-target
GCF_000154085.1	db_correct	0.763	TP-target	90.1893	90.1893	98.076	TP	NA	On-target
GCF_000154245.1	db_correct	0.634	TP-neighbor	94.0273	94.0273	98.6872	TP	NA	Off-target
GCF_000154245.1	db_correct	0.8	TP-target	94.0273	94.0273	98.6872	TP	NA	On-target
GCF_000154345.1	db_correct	0.988	TP-neighbor	81	81	98.3478	TP	NA	Off-target
GCF_000154345.1	db_correct	0.827	TP-target	81	81	98.3478	TP	NA	On-target
GCF_000154445.1	db_correct	0.892	TP-neighbor	87.4068	87.4068	98.2865	TP	NA	Off-target
GCF_000154445.1	db_correct	0.828	TP-target	87.4068	87.4068	98.2865	TP	NA	On-target
GCF_000154525.1	db_correct	0.803	TP-neighbor	87.3889	87.3889	98.3117	TP	NA	Off-target
GCF_000154525.1	db_correct	0.764	TP-target	87.3889	87.3889	98.3117	TP	NA	On-target
GCF_000156195.1	db_correct	0.643	TP-neighbor	86.24	86.24	98.5198	TP	NA	Off-target
GCF_000156195.1	db_correct	0.766	TP-target	86.24	86.24	98.5198	TP	NA	On-target
GCF_000156655.1	db_correct	0.744	TP-neighbor	90.7046	90.7046	96.8834	TP	NA	Off-target
GCF_000156655.1	db_correct	0.755	TP-target	90.7046	90.7046	96.8834	TP	NA	On-target
GCF_000157075.2	db_correct	0.787	TP-neighbor	81.088	81.088	99.0559	TP	NA	Off-target
GCF_000157075.2	db_correct	0.819	TP-target	81.088	81.088	99.0559	TP	NA	On-target
GCF_000157995.1	db_correct	0.995	TP-neighbor	91.3792	91.3792	96.0115	TP	NA	Off-target
GCF_000157995.1	db_correct	0.704	TP-target	91.3792	91.3792	96.0115	TP	NA	On-target
GCF_000158335.2	db_correct	0.81	TP-neighbor	81.6805	81.6805	98.8624	TP	NA	Off-target
GCF_000158335.2	db_correct	0.791	TP-target	81.6805	81.6805	98.8624	TP	NA	On-target
GCF_000159075.2	db_correct	0.966	TP-neighbor	93.1653	93.1653	95.5427	TP	NA	Off-target
GCF_000159075.2	db_correct	0.49	TP-target	93.1653	93.1653	95.5427	TP	NA	On-target
GCF_000159875.2	db_correct	0.797	TP-neighbor	89.3421	89.3421	98.4796	TP	NA	Off-target
GCF_000159875.2	db_correct	0.834	TP-target	89.3421	89.3421	98.4796	TP	NA	On-target
GCF_000162155.1	db_correct	0.564	TP-neighbor	92.1413	92.1413	97.494	TP	NA	Off-target
GCF_000162155.1	db_correct	0.658	TP-target	92.1413	92.1413	97.494	TP	NA	On-target
GCF_000163735.1	db_correct	0.752	TP-neighbor	94.4147	94.4147	97.3749	TP	NA	Off-target
GCF_000163735.1	db_correct	0.738	TP-target	94.4147	94.4147	97.3749	TP	NA	On-target
GCF_000169235.1	db_correct	0.719	TP-neighbor	83.8177	83.8177	98.3935	TP	NA	Off-target
GCF_000169235.1	db_correct	0.767	TP-target	83.8177	83.8177	98.3935	TP	NA	On-target
GCF_000173795.1	db_correct	0.548	TP-neighbor	93.0982	93.0982	95.9391	TP	NA	Off-target
GCF_000173795.1	db_correct	0.56	TP-target	93.0982	93.0982	95.9391	TP	NA	On-target
GCF_000203855.3	db_correct	0.992	TP-neighbor	82.1912	82.1912	98.7682	TP	NA	Off-target
GCF_000203855.3	db_correct	0.857	TP-target	82.1912	82.1912	98.7682	TP	NA	On-target
GCF_000210075.1	db_correct	0.558	TP-neighbor	92.4409	92.4409	97.494	TP	NA	Off-target
GCF_000210075.1	db_correct	0.658	TP-target	92.4409	92.4409	97.494	TP	NA	On-target
GCF_000210575.1	db_correct	0.962	TP-neighbor	93.8331	93.8331	98.108	TP	NA	Off-target
GCF_000210575.1	db_correct	0.759	TP-target	93.8331	93.8331	98.108	TP	NA	On-target
GCF_000230275.1	db_correct	0.988	TP-neighbor	91.171	91.171	98.7127	TP	NA	Off-target
GCF_000230275.1	db_correct	0.871	TP-target	91.171	91.171	98.7127	TP	NA	On-target
GCF_000261265.1	db_correct	0.808	TP-neighbor	86.8852	86.8852	98.2208	TP	NA	Off-target
GCF_000261265.1	db_correct	0.813	TP-target	86.8852	86.8852	98.2208	TP	NA	On-target
GCF_000265365.1	db_correct	0.922	TP-neighbor	84.2581	84.2581	97.3946	TP	NA	Off-target
GCF_000265365.1	db_correct	0.758	TP-target	84.2581	84.2581	97.3946	TP	NA	On-target
GCF_000374505.1	db_correct	0.924	TP-neighbor	85.0837	85.0837	96.7485	TP	NA	Off-target
GCF_000374505.1	db_correct	0.804	TP-target	85.0837	85.0837	96.7485	TP	NA	On-target
GCF_000382085.1	db_correct	0.831	TP-neighbor	91.8006	91.8006	96.2462	TP	NA	Off-target
GCF_000382085.1	db_correct	0.589	TP-target	91.8006	91.8006	96.2462	TP	NA	On-target
GCF_000425005.1	db_correct	0.897	TP-neighbor	89	89	97.1909	TP	NA	Off-target
GCF_000425005.1	db_correct	0.786	TP-target	89	89	97.1909	TP	NA	On-target
GCF_000466565.1	db_correct	0.968	TP-neighbor	90.1564	90.1564	98.1095	TP	NA	Off-target
GCF_000466565.1	db_correct	0.706	TP-target	90.1564	90.1564	98.1095	TP	NA	On-target
GCF_000469425.1	db_correct	0.769	TP-neighbor	83.1335	83.1335	98.1841	TP	NA	Off-target
GCF_000469425.1	db_correct	0.726	TP-target	83.1335	83.1335	98.1841	TP	NA	On-target
GCF_000478885.1	db_correct	0.739	TP-neighbor	80.7729	80.7729	95.9426	TP	NA	Off-target
GCF_000478885.1	db_correct	0.753	TP-target	80.7729	80.7729	95.9426	TP	NA	On-target
GCF_000484655.1	db_correct	0.72	TP-neighbor	87.6992	87.6992	97.1325	TP	NA	Off-target
GCF_000484655.1	db_correct	0.706	TP-target	87.6992	87.6992	97.1325	TP	NA	On-target
GCF_000509025.1	db_correct	0.69	TP-neighbor	80.8748	80.8748	99.4964	TP	NA	Off-target
GCF_000509025.1	db_correct	0.939	TP-target	80.8748	80.8748	99.4964	TP	NA	On-target
GCF_000509145.1	db_correct	0.991	TP-neighbor	80.2234	80.2234	98.4271	TP	NA	Off-target
GCF_000509145.1	db_correct	0.843	TP-target	80.2234	80.2234	98.4271	TP	NA	On-target
GCF_000701705.1	db_correct	0.834	TP-neighbor	91.7445	91.7445	98.4312	TP	NA	Off-target
GCF_000701705.1	db_correct	0.859	TP-target	91.7445	91.7445	98.4312	TP	NA	On-target
GCF_001025215.1	db_correct	0.667	TP-neighbor	92.2544	92.2544	98.0204	TP	NA	Off-target
GCF_001025215.1	db_correct	0.784	TP-target	92.2544	92.2544	98.0204	TP	NA	On-target
GCF_001304715.1	db_correct	0.865	TP-neighbor	91.2834	91.2834	97.7412	TP	NA	Off-target
GCF_001304715.1	db_correct	0.773	TP-target	91.2834	91.2834	97.7412	TP	NA	On-target
GCF_002222595.2	db_correct	0.801	TP-neighbor	94.0291	94.0291	98.7957	TP	NA	Off-target
GCF_002222595.2	db_correct	0.76	TP-target	94.0291	94.0291	98.7957	TP	NA	On-target
GCF_002222615.2	db_correct	0.756	TP-neighbor	83.2218	83.2218	99.2348	TP	NA	Off-target
GCF_002222615.2	db_correct	0.729	TP-target	83.2218	83.2218	99.2348	TP	NA	On-target
GCF_003466005.1	db_correct	0.785	TP-neighbor	94.1427	94.1427	98.3958	TP	NA	Off-target
GCF_003466005.1	db_correct	0.859	TP-target	94.1427	94.1427	98.3958	TP	NA	On-target
GCF_003468235.1	db_correct	0.784	TP-neighbor	87.1837	87.1837	98.6842	TP	NA	Off-target
GCF_003468235.1	db_correct	0.775	TP-target	87.1837	87.1837	98.6842	TP	NA	On-target
GCF_003470975.1	db_correct	0.794	TP-neighbor	80.9337	80.9337	98.8134	TP	NA	Off-target
GCF_003470975.1	db_correct	0.835	TP-target	80.9337	80.9337	98.8134	TP	NA	On-target
GCF_004154955.1	db_correct	0.81	TP-neighbor	80.4694	80.4694	97.9334	TP	NA	Off-target
GCF_004154955.1	db_correct	0.758	TP-target	80.4694	80.4694	97.9334	TP	NA	On-target
GCF_008281175.1	db_correct	0.916	TP-neighbor	81.943	81.943	98.3438	TP	NA	Off-target
GCF_008281175.1	db_correct	0.919	TP-target	81.943	81.943	98.3438	TP	NA	On-target
GCF_010509575.1	db_correct	0.76	TP-neighbor	85.6609	85.6609	97.3224	TP	NA	Off-target
GCF_010509575.1	db_correct	0.869	TP-target	85.6609	85.6609	97.3224	TP	NA	On-target
GCF_013009555.1	db_correct	0.808	TP-neighbor	81.6805	81.6805	98.9447	TP	NA	Off-target
GCF_013009555.1	db_correct	0.796	TP-target	81.6805	81.6805	98.9447	TP	NA	On-target
GCF_014467075.1	db_correct	0.794	TP-neighbor	91.7251	91.7251	98.3242	TP	NA	Off-target
GCF_014467075.1	db_correct	0.839	TP-target	91.7251	91.7251	98.3242	TP	NA	On-target
GCF_016117815.1	db_correct	0.77	TP-neighbor	81.9339	81.9339	98.1336	TP	NA	Off-target
GCF_016117815.1	db_correct	0.81	TP-target	81.9339	81.9339	98.1336	TP	NA	On-target
GCF_016888945.1	db_correct	0.782	TP-neighbor	80.0427	80.0427	98.8787	TP	NA	Off-target
GCF_016888945.1	db_correct	0.867	TP-target	80.0427	80.0427	98.8787	TP	NA	On-target
GCF_016889065.1	db_correct	0.712	TP-neighbor	91.9693	91.9693	97.8208	TP	NA	Off-target
GCF_016889065.1	db_correct	0.741	TP-target	91.9693	91.9693	97.8208	TP	NA	On-target
GCF_016889665.1	db_correct	0.873	TP-neighbor	92.0732	92.0732	96.823	TP	NA	Off-target
GCF_016889665.1	db_correct	0.811	TP-target	92.0732	92.0732	96.823	TP	NA	On-target
GCF_016889925.1	db_correct	0.774	TP-neighbor	87.4809	87.4809	98.985	TP	NA	Off-target
GCF_016889925.1	db_correct	0.871	TP-target	87.4809	87.4809	98.985	TP	NA	On-target
GCF_016894205.1	db_correct	0.821	TP-neighbor	84.4079	84.4079	98.6555	TP	NA	Off-target
GCF_016894205.1	db_correct	0.819	TP-target	84.4079	84.4079	98.6555	TP	NA	On-target
GCF_016904015.1	db_correct	0.916	TP-neighbor	79.2144	79.2144	96.9788	TP	NA	Off-target
GCF_016904015.1	db_correct	0.811	TP-target	79.2144	79.2144	96.9788	TP	NA	On-target
GCF_016904155.1	db_correct	0.779	TP-neighbor	80.5856	80.5856	97.6536	TP	NA	Off-target
GCF_016904155.1	db_correct	0.834	TP-target	80.5856	80.5856	97.6536	TP	NA	On-target
GCF_018140635.1	db_correct	0.815	TP-neighbor	86.5667	86.5667	97.7199	TP	NA	Off-target
GCF_018140635.1	db_correct	0.759	TP-target	86.5667	86.5667	97.7199	TP	NA	On-target
GCF_020149745.1	db_correct	0.966	TP-neighbor	93.1653	93.1653	96.8196	TP	NA	Off-target
GCF_020149745.1	db_correct	0.584	TP-target	93.1653	93.1653	96.8196	TP	NA	On-target
GCF_020731235.1	db_correct	0.961	TP-neighbor	83.6882	83.6882	97.8021	TP	NA	Off-target
GCF_020731235.1	db_correct	0.758	TP-target	83.6882	83.6882	97.8021	TP	NA	On-target
GCF_020731525.1	db_correct	0.718	TP-neighbor	90.4905	90.4905	96.7765	TP	NA	Off-target
GCF_020731525.1	db_correct	0.66	TP-target	90.4905	90.4905	96.7765	TP	NA	On-target
GCF_020735445.1	db_correct	0.745	TP-neighbor	86.1911	86.1911	96.3402	TP	NA	Off-target
GCF_020735445.1	db_correct	0.717	TP-target	86.1911	86.1911	96.3402	TP	NA	On-target
GCF_020735565.1	db_correct	0.799	TP-neighbor	84.1765	84.1765	98.2579	TP	NA	Off-target
GCF_020735565.1	db_correct	0.928	TP-target	84.1765	84.1765	98.2579	TP	NA	On-target
GCF_020735605.1	db_correct	0.591	TP-neighbor	92.7743	92.7743	97.4226	TP	NA	Off-target
GCF_020735605.1	db_correct	0.646	TP-target	92.7743	92.7743	97.4226	TP	NA	On-target
GCF_020735645.1	db_correct	0.861	TP-neighbor	90.1108	90.1108	98.6769	TP	NA	Off-target
GCF_020735645.1	db_correct	0.916	TP-target	90.1108	90.1108	98.6769	TP	NA	On-target
GCF_020735705.1	db_correct	0.721	TP-neighbor	91.5348	91.5348	98.4738	TP	NA	Off-target
GCF_020735705.1	db_correct	0.765	TP-target	91.5348	91.5348	98.4738	TP	NA	On-target
GCF_020735725.1	db_correct	0.878	TP-neighbor	91.3394	91.3394	98.171	TP	NA	Off-target
GCF_020735725.1	db_correct	0.862	TP-target	91.3394	91.3394	98.171	TP	NA	On-target
GCF_020735745.1	db_correct	0.653	TP-neighbor	93.9917	93.9917	95.6253	TP	NA	Off-target
GCF_020735745.1	db_correct	0.375	TP-target	93.9917	93.9917	95.6253	FN	FN	On-target
GCF_020735865.1	db_correct	0.906	TP-neighbor	92.3034	92.3034	96.6304	TP	NA	Off-target
GCF_020735865.1	db_correct	0.569	TP-target	92.3034	92.3034	96.6304	TP	NA	On-target
GCF_020736685.1	db_correct	0.779	TP-neighbor	92.2639	92.2639	98.1992	TP	NA	Off-target
GCF_020736685.1	db_correct	0.885	TP-target	92.2639	92.2639	98.1992	TP	NA	On-target
GCF_900187175.1	db_correct	0.914	TP-neighbor	79	79	98.3372	TP	NA	Off-target
GCF_900187175.1	db_correct	0.725	TP-target	79	79	98.3372	TP	NA	On-target
GCF_900537995.1	db_correct	0.698	TP-neighbor	91.0426	91.0426	98.4563	TP	NA	Off-target
GCF_900537995.1	db_correct	0.726	TP-target	91.0426	91.0426	98.4563	TP	NA	On-target
GCF_900637145.1	db_correct	0.971	TP-neighbor	81.2277	81.2277	98.5862	TP	NA	Off-target
GCF_900637145.1	db_correct	0.816	TP-target	81.2277	81.2277	98.5862	TP	NA	On-target
GCF_902373725.1	db_correct	0.83	TP-neighbor	92.5099	92.5099	96.8979	TP	NA	Off-target
GCF_902373725.1	db_correct	0.764	TP-target	92.5099	92.5099	96.8979	TP	NA	On-target
GCF_902373765.1	db_correct	0.639	TP-neighbor	81.2606	81.2606	98.482	TP	NA	Off-target
GCF_902373765.1	db_correct	0.793	TP-target	81.2606	81.2606	98.482	TP	NA	On-target
GCF_902373865.1	db_correct	0.931	TP-neighbor	94.2158	94.2158	98.1774	TP	NA	Off-target
GCF_902373865.1	db_correct	0.911	TP-target	94.2158	94.2158	98.1774	TP	NA	On-target
GCF_902373875.1	db_correct	0.987	TP-neighbor	90.4364	90.4364	96.5259	TP	NA	Off-target
GCF_902373875.1	db_correct	0.8	TP-target	90.4364	90.4364	96.5259	TP	NA	On-target
GCF_902373885.1	db_correct	0.998	TP-neighbor	80.0074	80.0074	99.1997	TP	NA	Off-target
GCF_902373885.1	db_correct	0.945	TP-target	80.0074	80.0074	99.1997	TP	NA	On-target
GCF_902374375.1	db_correct	0.752	TP-neighbor	93.5807	93.5807	97.6312	TP	NA	Off-target
GCF_902374375.1	db_correct	0.751	TP-target	93.5807	93.5807	97.6312	TP	NA	On-target
GCF_902374895.1	db_correct	0.874	TP-neighbor	78.016	78.016	98.5905	TP	NA	Off-target
GCF_902374895.1	db_correct	0.979	TP-target	78.016	78.016	98.5905	TP	NA	On-target
GCF_902381755.1	db_correct	0.752	TP-neighbor	93.5957	93.5957	97.85	TP	NA	Off-target
GCF_902381755.1	db_correct	0.747	TP-target	93.5957	93.5957	97.85	TP	NA	On-target
GCF_902387655.1	db_correct	0.681	TP-neighbor	94.5897	94.5897	97.5775	TP	NA	Off-target
GCF_902387655.1	db_correct	0.654	TP-target	94.5897	94.5897	97.5775	TP	NA	On-target
GCF_000012825.1	db_strains	0.815	TP-neighbor	81.938	81.938	98.9452	TP	NA	Off-target
GCF_000012825.1	db_strains	0.856	TP-target	81.938	81.938	98.9452	TP	NA	On-target
GCF_000020225.1	db_strains	0.77	TP-neighbor	94.7424	94.7424	97.3851	TP	NA	Off-target
GCF_000020225.1	db_strains	0.683	TP-target	94.7424	94.7424	97.3851	TP	NA	On-target
GCF_000020605.1	db_strains	0.592	TP-neighbor	93.9196	93.9196	97.4757	TP	NA	Off-target
GCF_000020605.1	db_strains	0.713	TP-target	93.9196	93.9196	97.4757	TP	NA	On-target
GCF_000024265.1	db_strains	0.962	TP-neighbor	84.2773	84.2773	98.6876	TP	NA	Off-target
GCF_000024265.1	db_strains	0.878	TP-target	84.2773	84.2773	98.6876	TP	NA	On-target
GCF_000144975.1	db_strains	0.763	TP-neighbor	90.8447	90.8447	98.7559	TP	NA	Off-target
GCF_000144975.1	db_strains	0.857	TP-target	90.8447	90.8447	98.7559	TP	NA	On-target
GCF_000153885.1	db_strains	0.903	TP-neighbor	81.4092	81.4092	97.7133	TP	NA	Off-target
GCF_000153885.1	db_strains	0.751	TP-target	81.4092	81.4092	97.7133	TP	NA	On-target
GCF_000153905.1	db_strains	0.752	TP-neighbor	84.7145	84.7145	98.2124	TP	NA	Off-target
GCF_000153905.1	db_strains	0.731	TP-target	84.7145	84.7145	98.2124	TP	NA	On-target
GCF_000153925.1	db_strains	0.939	TP-neighbor	84.8779	84.8779	99.2117	TP	NA	Off-target
GCF_000153925.1	db_strains	0.777	TP-target	84.8779	84.8779	99.2117	TP	NA	On-target
GCF_000154065.1	db_strains	0.661	TP-neighbor	90.5942	90.5942	98.4676	TP	NA	Off-target
GCF_000154065.1	db_strains	0.669	TP-target	90.5942	90.5942	98.4676	TP	NA	On-target
GCF_000154085.1	db_strains	0.815	TP-neighbor	90.1893	90.1893	98.076	TP	NA	Off-target
GCF_000154085.1	db_strains	0.756	TP-target	90.1893	90.1893	98.076	TP	NA	On-target
GCF_000154245.1	db_strains	0.631	TP-neighbor	94.0273	94.0273	98.6872	TP	NA	Off-target
GCF_000154245.1	db_strains	0.799	TP-target	94.0273	94.0273	98.6872	TP	NA	On-target
GCF_000154345.1	db_strains	0.988	TP-neighbor	81	81	98.3478	TP	NA	Off-target
GCF_000154345.1	db_strains	0.824	TP-target	81	81	98.3478	TP	NA	On-target
GCF_000154445.1	db_strains	0.892	TP-neighbor	87.4068	87.4068	98.2865	TP	NA	Off-target
GCF_000154445.1	db_strains	0.828	TP-target	87.4068	87.4068	98.2865	TP	NA	On-target
GCF_000154525.1	db_strains	0.801	TP-neighbor	87.3889	87.3889	98.3117	TP	NA	Off-target
GCF_000154525.1	db_strains	0.755	TP-target	87.3889	87.3889	98.3117	TP	NA	On-target
GCF_000156195.1	db_strains	0.52	TP-neighbor	86.24	86.24	98.5198	TP	NA	Off-target
GCF_000156195.1	db_strains	0.743	TP-target	86.24	86.24	98.5198	TP	NA	On-target
GCF_000156655.1	db_strains	0.744	TP-neighbor	90.7046	90.7046	96.8834	TP	NA	Off-target
GCF_000156655.1	db_strains	0.755	TP-target	90.7046	90.7046	96.8834	TP	NA	On-target
GCF_000157075.2	db_strains	0.787	TP-neighbor	81.088	81.088	99.0559	TP	NA	Off-target
GCF_000157075.2	db_strains	0.809	TP-target	81.088	81.088	99.0559	TP	NA	On-target
GCF_000157995.1	db_strains	0.995	TP-neighbor	91.3792	91.3792	96.0115	TP	NA	Off-target
GCF_000157995.1	db_strains	0.702	TP-target	91.3792	91.3792	96.0115	TP	NA	On-target
GCF_000158335.2	db_strains	0.809	TP-neighbor	81.6805	81.6805	98.8624	TP	NA	Off-target
GCF_000158335.2	db_strains	0.79	TP-target	81.6805	81.6805	98.8624	TP	NA	On-target
GCF_000159075.2	db_strains	0.949	TP-neighbor	93.1653	93.1653	95.5427	TP	NA	Off-target
GCF_000159075.2	db_strains	0.424	TP-target	93.1653	93.1653	95.5427	TP	NA	On-target
GCF_000159875.2	db_strains	0.796	TP-neighbor	89.3421	89.3421	98.4796	TP	NA	Off-target
GCF_000159875.2	db_strains	0.803	TP-target	89.3421	89.3421	98.4796	TP	NA	On-target
GCF_000162155.1	db_strains	0.54	TP-neighbor	92.1413	92.1413	97.494	TP	NA	Off-target
GCF_000162155.1	db_strains	0.632	TP-target	92.1413	92.1413	97.494	TP	NA	On-target
GCF_000163735.1	db_strains	0.752	TP-neighbor	94.4147	94.4147	97.3749	TP	NA	Off-target
GCF_000163735.1	db_strains	0.738	TP-target	94.4147	94.4147	97.3749	TP	NA	On-target
GCF_000169235.1	db_strains	0.709	TP-neighbor	83.8177	83.8177	98.3935	TP	NA	Off-target
GCF_000169235.1	db_strains	0.742	TP-target	83.8177	83.8177	98.3935	TP	NA	On-target
GCF_000173795.1	db_strains	0.547	TP-neighbor	93.0982	93.0982	95.9391	TP	NA	Off-target
GCF_000173795.1	db_strains	0.56	TP-target	93.0982	93.0982	95.9391	TP	NA	On-target
GCF_000203855.3	db_strains	0.992	TP-neighbor	82.1912	82.1912	98.7682	TP	NA	Off-target
GCF_000203855.3	db_strains	0.857	TP-target	82.1912	82.1912	98.7682	TP	NA	On-target
GCF_000210075.1	db_strains	0.538	TP-neighbor	92.4409	92.4409	97.494	TP	NA	Off-target
GCF_000210075.1	db_strains	0.634	TP-target	92.4409	92.4409	97.494	TP	NA	On-target
GCF_000210575.1	db_strains	0.956	TP-neighbor	93.8331	93.8331	98.108	TP	NA	Off-target
GCF_000210575.1	db_strains	0.746	TP-target	93.8331	93.8331	98.108	TP	NA	On-target
GCF_000230275.1	db_strains	0.987	TP-neighbor	91.171	91.171	98.7127	TP	NA	Off-target
GCF_000230275.1	db_strains	0.871	TP-target	91.171	91.171	98.7127	TP	NA	On-target
GCF_000261265.1	db_strains	0.807	TP-neighbor	86.8852	86.8852	98.2208	TP	NA	Off-target
GCF_000261265.1	db_strains	0.812	TP-target	86.8852	86.8852	98.2208	TP	NA	On-target
GCF_000265365.1	db_strains	0.921	TP-neighbor	84.2581	84.2581	97.3946	TP	NA	Off-target
GCF_000265365.1	db_strains	0.744	TP-target	84.2581	84.2581	97.3946	TP	NA	On-target
GCF_000374505.1	db_strains	0.923	TP-neighbor	85.0837	85.0837	96.7485	TP	NA	Off-target
GCF_000374505.1	db_strains	0.788	TP-target	85.0837	85.0837	96.7485	TP	NA	On-target
GCF_000382085.1	db_strains	0.83	TP-neighbor	91.8006	91.8006	96.2462	TP	NA	Off-target
GCF_000382085.1	db_strains	0.588	TP-target	91.8006	91.8006	96.2462	TP	NA	On-target
GCF_000425005.1	db_strains	0.897	TP-neighbor	89	89	97.1909	TP	NA	Off-target
GCF_000425005.1	db_strains	0.786	TP-target	89	89	97.1909	TP	NA	On-target
GCF_000466565.1	db_strains	0.954	TP-neighbor	90.1564	90.1564	98.1095	TP	NA	Off-target
GCF_000466565.1	db_strains	0.699	TP-target	90.1564	90.1564	98.1095	TP	NA	On-target
GCF_000469425.1	db_strains	0.765	TP-neighbor	83.1335	83.1335	98.1841	TP	NA	Off-target
GCF_000469425.1	db_strains	0.724	TP-target	83.1335	83.1335	98.1841	TP	NA	On-target
GCF_000478885.1	db_strains	0.739	TP-neighbor	80.7729	80.7729	95.9426	TP	NA	Off-target
GCF_000478885.1	db_strains	0.753	TP-target	80.7729	80.7729	95.9426	TP	NA	On-target
GCF_000484655.1	db_strains	0.701	TP-neighbor	87.6992	87.6992	97.1325	TP	NA	Off-target
GCF_000484655.1	db_strains	0.687	TP-target	87.6992	87.6992	97.1325	TP	NA	On-target
GCF_000509025.1	db_strains	0.687	TP-neighbor	80.8748	80.8748	99.4964	TP	NA	Off-target
GCF_000509025.1	db_strains	0.927	TP-target	80.8748	80.8748	99.4964	TP	NA	On-target
GCF_000509145.1	db_strains	0.991	TP-neighbor	80.2234	80.2234	98.4271	TP	NA	Off-target
GCF_000509145.1	db_strains	0.838	TP-target	80.2234	80.2234	98.4271	TP	NA	On-target
GCF_000701705.1	db_strains	0.834	TP-neighbor	91.7445	91.7445	98.4312	TP	NA	Off-target
GCF_000701705.1	db_strains	0.859	TP-target	91.7445	91.7445	98.4312	TP	NA	On-target
GCF_001025215.1	db_strains	0.605	TP-neighbor	92.2544	92.2544	98.0204	TP	NA	Off-target
GCF_001025215.1	db_strains	0.719	TP-target	92.2544	92.2544	98.0204	TP	NA	On-target
GCF_001304715.1	db_strains	0.865	TP-neighbor	91.2834	91.2834	97.7412	TP	NA	Off-target
GCF_001304715.1	db_strains	0.773	TP-target	91.2834	91.2834	97.7412	TP	NA	On-target
GCF_002222595.2	db_strains	0.8	TP-neighbor	94.0291	94.0291	98.7957	TP	NA	Off-target
GCF_002222595.2	db_strains	0.76	TP-target	94.0291	94.0291	98.7957	TP	NA	On-target
GCF_002222615.2	db_strains	0.752	TP-neighbor	83.2218	83.2218	99.2348	TP	NA	Off-target
GCF_002222615.2	db_strains	0.729	TP-target	83.2218	83.2218	99.2348	TP	NA	On-target
GCF_003466005.1	db_strains	0.785	TP-neighbor	94.1427	94.1427	98.3958	TP	NA	Off-target
GCF_003466005.1	db_strains	0.859	TP-target	94.1427	94.1427	98.3958	TP	NA	On-target
GCF_003468235.1	db_strains	0.78	TP-neighbor	87.1837	87.1837	98.6842	TP	NA	Off-target
GCF_003468235.1	db_strains	0.771	TP-target	87.1837	87.1837	98.6842	TP	NA	On-target
GCF_003470975.1	db_strains	0.784	TP-neighbor	80.9337	80.9337	98.8134	TP	NA	Off-target
GCF_003470975.1	db_strains	0.815	TP-target	80.9337	80.9337	98.8134	TP	NA	On-target
GCF_004154955.1	db_strains	0.81	TP-neighbor	80.4694	80.4694	97.9334	TP	NA	Off-target
GCF_004154955.1	db_strains	0.756	TP-target	80.4694	80.4694	97.9334	TP	NA	On-target
GCF_008281175.1	db_strains	0.916	TP-neighbor	81.943	81.943	98.3438	TP	NA	Off-target
GCF_008281175.1	db_strains	0.919	TP-target	81.943	81.943	98.3438	TP	NA	On-target
GCF_010509575.1	db_strains	0.755	TP-neighbor	85.6609	85.6609	97.3224	TP	NA	Off-target
GCF_010509575.1	db_strains	0.869	TP-target	85.6609	85.6609	97.3224	TP	NA	On-target
GCF_013009555.1	db_strains	0.807	TP-neighbor	81.6805	81.6805	98.9447	TP	NA	Off-target
GCF_013009555.1	db_strains	0.796	TP-target	81.6805	81.6805	98.9447	TP	NA	On-target
GCF_014467075.1	db_strains	0.793	TP-neighbor	91.7251	91.7251	98.3242	TP	NA	Off-target
GCF_014467075.1	db_strains	0.839	TP-target	91.7251	91.7251	98.3242	TP	NA	On-target
GCF_016117815.1	db_strains	0.77	TP-neighbor	81.9339	81.9339	98.1336	TP	NA	Off-target
GCF_016117815.1	db_strains	0.808	TP-target	81.9339	81.9339	98.1336	TP	NA	On-target
GCF_016888945.1	db_strains	0.781	TP-neighbor	80.0427	80.0427	98.8787	TP	NA	Off-target
GCF_016888945.1	db_strains	0.865	TP-target	80.0427	80.0427	98.8787	TP	NA	On-target
GCF_016889065.1	db_strains	0.711	TP-neighbor	91.9693	91.9693	97.8208	TP	NA	Off-target
GCF_016889065.1	db_strains	0.74	TP-target	91.9693	91.9693	97.8208	TP	NA	On-target
GCF_016889665.1	db_strains	0.873	TP-neighbor	92.0732	92.0732	96.823	TP	NA	Off-target
GCF_016889665.1	db_strains	0.799	TP-target	92.0732	92.0732	96.823	TP	NA	On-target
GCF_016889925.1	db_strains	0.773	TP-neighbor	87.4809	87.4809	98.985	TP	NA	Off-target
GCF_016889925.1	db_strains	0.851	TP-target	87.4809	87.4809	98.985	TP	NA	On-target
GCF_016894205.1	db_strains	0.801	TP-neighbor	84.4079	84.4079	98.6555	TP	NA	Off-target
GCF_016894205.1	db_strains	0.819	TP-target	84.4079	84.4079	98.6555	TP	NA	On-target
GCF_016904015.1	db_strains	0.914	TP-neighbor	79.2144	79.2144	96.9788	TP	NA	Off-target
GCF_016904015.1	db_strains	0.81	TP-target	79.2144	79.2144	96.9788	TP	NA	On-target
GCF_016904155.1	db_strains	0.647	TP-neighbor	80.5856	80.5856	97.6536	TP	NA	Off-target
GCF_016904155.1	db_strains	0.828	TP-target	80.5856	80.5856	97.6536	TP	NA	On-target
GCF_018140635.1	db_strains	0.806	TP-neighbor	86.5667	86.5667	97.7199	TP	NA	Off-target
GCF_018140635.1	db_strains	0.754	TP-target	86.5667	86.5667	97.7199	TP	NA	On-target
GCF_020149745.1	db_strains	0.948	TP-neighbor	93.1653	93.1653	96.8196	TP	NA	Off-target
GCF_020149745.1	db_strains	0.465	TP-target	93.1653	93.1653	96.8196	TP	NA	On-target
GCF_020731235.1	db_strains	0.951	TP-neighbor	83.6882	83.6882	97.8021	TP	NA	Off-target
GCF_020731235.1	db_strains	0.758	TP-target	83.6882	83.6882	97.8021	TP	NA	On-target
GCF_020731525.1	db_strains	0.715	TP-neighbor	90.4905	90.4905	96.7765	TP	NA	Off-target
GCF_020731525.1	db_strains	0.648	TP-target	90.4905	90.4905	96.7765	TP	NA	On-target
GCF_020735445.1	db_strains	0.744	TP-neighbor	86.1911	86.1911	96.3402	TP	NA	Off-target
GCF_020735445.1	db_strains	0.717	TP-target	86.1911	86.1911	96.3402	TP	NA	On-target
GCF_020735565.1	db_strains	0.799	TP-neighbor	84.1765	84.1765	98.2579	TP	NA	Off-target
GCF_020735565.1	db_strains	0.927	TP-target	84.1765	84.1765	98.2579	TP	NA	On-target
GCF_020735605.1	db_strains	0.59	TP-neighbor	92.7743	92.7743	97.4226	TP	NA	Off-target
GCF_020735605.1	db_strains	0.639	TP-target	92.7743	92.7743	97.4226	TP	NA	On-target
GCF_020735645.1	db_strains	0.861	TP-neighbor	90.1108	90.1108	98.6769	TP	NA	Off-target
GCF_020735645.1	db_strains	0.916	TP-target	90.1108	90.1108	98.6769	TP	NA	On-target
GCF_020735705.1	db_strains	0.721	TP-neighbor	91.5348	91.5348	98.4738	TP	NA	Off-target
GCF_020735705.1	db_strains	0.757	TP-target	91.5348	91.5348	98.4738	TP	NA	On-target
GCF_020735725.1	db_strains	0.875	TP-neighbor	91.3394	91.3394	98.171	TP	NA	Off-target
GCF_020735725.1	db_strains	0.86	TP-target	91.3394	91.3394	98.171	TP	NA	On-target
GCF_020735745.1	db_strains	0.651	TP-neighbor	93.9917	93.9917	95.6253	TP	NA	Off-target
GCF_020735745.1	db_strains	0.374	TP-target	93.9917	93.9917	95.6253	FN	FN	On-target
GCF_020735865.1	db_strains	0.675	TP-neighbor	92.3034	92.3034	96.6304	TP	NA	Off-target
GCF_020735865.1	db_strains	0.647	TP-target	92.3034	92.3034	96.6304	TP	NA	On-target
GCF_020736685.1	db_strains	0.779	TP-neighbor	92.2639	92.2639	98.1992	TP	NA	Off-target
GCF_020736685.1	db_strains	0.885	TP-target	92.2639	92.2639	98.1992	TP	NA	On-target
GCF_900187175.1	db_strains	0.907	TP-neighbor	79	79	98.3372	TP	NA	Off-target
GCF_900187175.1	db_strains	0.723	TP-target	79	79	98.3372	TP	NA	On-target
GCF_900537995.1	db_strains	0.69	TP-neighbor	91.0426	91.0426	98.4563	TP	NA	Off-target
GCF_900537995.1	db_strains	0.707	TP-target	91.0426	91.0426	98.4563	TP	NA	On-target
GCF_900637145.1	db_strains	0.971	TP-neighbor	81.2277	81.2277	98.5862	TP	NA	Off-target
GCF_900637145.1	db_strains	0.805	TP-target	81.2277	81.2277	98.5862	TP	NA	On-target
GCF_902373725.1	db_strains	0.83	TP-neighbor	92.5099	92.5099	96.8979	TP	NA	Off-target
GCF_902373725.1	db_strains	0.764	TP-target	92.5099	92.5099	96.8979	TP	NA	On-target
GCF_902373765.1	db_strains	0.626	TP-neighbor	81.2606	81.2606	98.482	TP	NA	Off-target
GCF_902373765.1	db_strains	0.792	TP-target	81.2606	81.2606	98.482	TP	NA	On-target
GCF_902373865.1	db_strains	0.931	TP-neighbor	94.2158	94.2158	98.1774	TP	NA	Off-target
GCF_902373865.1	db_strains	0.911	TP-target	94.2158	94.2158	98.1774	TP	NA	On-target
GCF_902373875.1	db_strains	0.987	TP-neighbor	90.4364	90.4364	96.5259	TP	NA	Off-target
GCF_902373875.1	db_strains	0.8	TP-target	90.4364	90.4364	96.5259	TP	NA	On-target
GCF_902373885.1	db_strains	0.98	TP-neighbor	80.0074	80.0074	99.1997	TP	NA	Off-target
GCF_902373885.1	db_strains	0.945	TP-target	80.0074	80.0074	99.1997	TP	NA	On-target
GCF_902374375.1	db_strains	0.746	TP-neighbor	93.5807	93.5807	97.6312	TP	NA	Off-target
GCF_902374375.1	db_strains	0.741	TP-target	93.5807	93.5807	97.6312	TP	NA	On-target
GCF_902374895.1	db_strains	0.874	TP-neighbor	78.016	78.016	98.5905	TP	NA	Off-target
GCF_902374895.1	db_strains	0.979	TP-target	78.016	78.016	98.5905	TP	NA	On-target
GCF_902381755.1	db_strains	0.634	TP-neighbor	93.5957	93.5957	97.85	TP	NA	Off-target
GCF_902381755.1	db_strains	0.71	TP-target	93.5957	93.5957	97.85	TP	NA	On-target
GCF_902387655.1	db_strains	0.681	TP-neighbor	94.5897	94.5897	97.5775	TP	NA	Off-target
GCF_902387655.1	db_strains	0.654	TP-target	94.5897	94.5897	97.5775	TP	NA	On-target
GCF_000012825.1	db_all	0.8	TP-neighbor	81.938	81.938	98.9452	TP	NA	Off-target
GCF_000012825.1	db_all	0.753	TP-target	81.938	81.938	98.9452	TP	NA	On-target
GCF_000020225.1	db_all	0.748	TP-neighbor	94.7424	94.7424	97.3851	TP	NA	Off-target
GCF_000020225.1	db_all	0.668	TP-target	94.7424	94.7424	97.3851	TP	NA	On-target
GCF_000020605.1	db_all	0.588	TP-neighbor	93.9196	93.9196	97.4757	TP	NA	Off-target
GCF_000020605.1	db_all	0.686	TP-target	93.9196	93.9196	97.4757	TP	NA	On-target
GCF_000024265.1	db_all	0.891	TP-neighbor	84.2773	84.2773	98.6876	TP	NA	Off-target
GCF_000024265.1	db_all	0.83	TP-target	84.2773	84.2773	98.6876	TP	NA	On-target
GCF_000144975.1	db_all	0.694	TP-neighbor	90.8447	90.8447	98.7559	TP	NA	Off-target
GCF_000144975.1	db_all	0.813	TP-target	90.8447	90.8447	98.7559	TP	NA	On-target
GCF_000153885.1	db_all	0.887	TP-neighbor	81.4092	81.4092	97.7133	TP	NA	Off-target
GCF_000153885.1	db_all	0.744	TP-target	81.4092	81.4092	97.7133	TP	NA	On-target
GCF_000153905.1	db_all	0.635	TP-neighbor	84.7145	84.7145	98.2124	TP	NA	Off-target
GCF_000153905.1	db_all	0.671	TP-target	84.7145	84.7145	98.2124	TP	NA	On-target
GCF_000153925.1	db_all	0.939	TP-neighbor	84.8779	84.8779	99.2117	TP	NA	Off-target
GCF_000153925.1	db_all	0.735	TP-target	84.8779	84.8779	99.2117	TP	NA	On-target
GCF_000154065.1	db_all	0.617	TP-neighbor	90.5942	90.5942	98.4676	TP	NA	Off-target
GCF_000154065.1	db_all	0.644	TP-target	90.5942	90.5942	98.4676	TP	NA	On-target
GCF_000154085.1	db_all	0.814	TP-neighbor	90.1893	90.1893	98.076	TP	NA	Off-target
GCF_000154085.1	db_all	0.751	TP-target	90.1893	90.1893	98.076	TP	NA	On-target
GCF_000154245.1	db_all	0.627	TP-neighbor	94.0273	94.0273	98.6872	TP	NA	Off-target
GCF_000154245.1	db_all	0.794	TP-target	94.0273	94.0273	98.6872	TP	NA	On-target
GCF_000154345.1	db_all	0.986	TP-neighbor	81	81	98.3478	TP	NA	Off-target
GCF_000154345.1	db_all	0.807	TP-target	81	81	98.3478	TP	NA	On-target
GCF_000154445.1	db_all	0.89	TP-neighbor	87.4068	87.4068	98.2865	TP	NA	Off-target
GCF_000154445.1	db_all	0.825	TP-target	87.4068	87.4068	98.2865	TP	NA	On-target
GCF_000154525.1	db_all	0.792	TP-neighbor	87.3889	87.3889	98.3117	TP	NA	Off-target
GCF_000154525.1	db_all	0.726	TP-target	87.3889	87.3889	98.3117	TP	NA	On-target
GCF_000156195.1	db_all	0.458	TP-neighbor	86.24	86.24	98.5198	TP	NA	Off-target
GCF_000156195.1	db_all	0.722	TP-target	86.24	86.24	98.5198	TP	NA	On-target
GCF_000156655.1	db_all	0.703	TP-neighbor	90.7046	90.7046	96.8834	TP	NA	Off-target
GCF_000156655.1	db_all	0.738	TP-target	90.7046	90.7046	96.8834	TP	NA	On-target
GCF_000157075.2	db_all	0.786	TP-neighbor	81.088	81.088	99.0559	TP	NA	Off-target
GCF_000157075.2	db_all	0.78	TP-target	81.088	81.088	99.0559	TP	NA	On-target
GCF_000157995.1	db_all	0.995	TP-neighbor	91.3792	91.3792	96.0115	TP	NA	Off-target
GCF_000157995.1	db_all	0.699	TP-target	91.3792	91.3792	96.0115	TP	NA	On-target
GCF_000158335.2	db_all	0.797	TP-neighbor	81.6805	81.6805	98.8624	TP	NA	Off-target
GCF_000158335.2	db_all	0.758	TP-target	81.6805	81.6805	98.8624	TP	NA	On-target
GCF_000159075.2	db_all	0.943	TP-neighbor	93.1653	93.1653	95.5427	TP	NA	Off-target
GCF_000159075.2	db_all	0.406	TP-target	93.1653	93.1653	95.5427	TP	NA	On-target
GCF_000159875.2	db_all	0.778	TP-neighbor	89.3421	89.3421	98.4796	TP	NA	Off-target
GCF_000159875.2	db_all	0.657	TP-target	89.3421	89.3421	98.4796	TP	NA	On-target
GCF_000162155.1	db_all	0.478	TP-neighbor	92.1413	92.1413	97.494	TP	NA	Off-target
GCF_000162155.1	db_all	0.61	TP-target	92.1413	92.1413	97.494	TP	NA	On-target
GCF_000163735.1	db_all	0.725	TP-neighbor	94.4147	94.4147	97.3749	TP	NA	Off-target
GCF_000163735.1	db_all	0.726	TP-target	94.4147	94.4147	97.3749	TP	NA	On-target
GCF_000169235.1	db_all	0.701	TP-neighbor	83.8177	83.8177	98.3935	TP	NA	Off-target
GCF_000169235.1	db_all	0.71	TP-target	83.8177	83.8177	98.3935	TP	NA	On-target
GCF_000173795.1	db_all	0.476	TP-neighbor	93.0982	93.0982	95.9391	TP	NA	Off-target
GCF_000173795.1	db_all	0.492	TP-target	93.0982	93.0982	95.9391	TP	NA	On-target
GCF_000203855.3	db_all	0.992	TP-neighbor	82.1912	82.1912	98.7682	TP	NA	Off-target
GCF_000203855.3	db_all	0.848	TP-target	82.1912	82.1912	98.7682	TP	NA	On-target
GCF_000210075.1	db_all	0.478	TP-neighbor	92.4409	92.4409	97.494	TP	NA	Off-target
GCF_000210075.1	db_all	0.611	TP-target	92.4409	92.4409	97.494	TP	NA	On-target
GCF_000210575.1	db_all	0.95	TP-neighbor	93.8331	93.8331	98.108	TP	NA	Off-target
GCF_000210575.1	db_all	0.704	TP-target	93.8331	93.8331	98.108	TP	NA	On-target
GCF_000230275.1	db_all	0.985	TP-neighbor	91.171	91.171	98.7127	TP	NA	Off-target
GCF_000230275.1	db_all	0.869	TP-target	91.171	91.171	98.7127	TP	NA	On-target
GCF_000261265.1	db_all	0.804	TP-neighbor	86.8852	86.8852	98.2208	TP	NA	Off-target
GCF_000261265.1	db_all	0.808	TP-target	86.8852	86.8852	98.2208	TP	NA	On-target
GCF_000265365.1	db_all	0.921	TP-neighbor	84.2581	84.2581	97.3946	TP	NA	Off-target
GCF_000265365.1	db_all	0.721	TP-target	84.2581	84.2581	97.3946	TP	NA	On-target
GCF_000374505.1	db_all	0.923	TP-neighbor	85.0837	85.0837	96.7485	TP	NA	Off-target
GCF_000374505.1	db_all	0.777	TP-target	85.0837	85.0837	96.7485	TP	NA	On-target
GCF_000382085.1	db_all	0.814	TP-neighbor	91.8006	91.8006	96.2462	TP	NA	Off-target
GCF_000382085.1	db_all	0.56	TP-target	91.8006	91.8006	96.2462	TP	NA	On-target
GCF_000425005.1	db_all	0.896	TP-neighbor	89	89	97.1909	TP	NA	Off-target
GCF_000425005.1	db_all	0.767	TP-target	89	89	97.1909	TP	NA	On-target
GCF_000466565.1	db_all	0.838	TP-neighbor	90.1564	90.1564	98.1095	TP	NA	Off-target
GCF_000466565.1	db_all	0.637	TP-target	90.1564	90.1564	98.1095	TP	NA	On-target
GCF_000469425.1	db_all	0.759	TP-neighbor	83.1335	83.1335	98.1841	TP	NA	Off-target
GCF_000469425.1	db_all	0.627	TP-target	83.1335	83.1335	98.1841	TP	NA	On-target
GCF_000478885.1	db_all	0.734	TP-neighbor	80.7729	80.7729	95.9426	TP	NA	Off-target
GCF_000478885.1	db_all	0.396	TP-target	80.7729	80.7729	95.9426	FN	FN	On-target
GCF_000484655.1	db_all	0.654	TP-neighbor	87.6992	87.6992	97.1325	TP	NA	Off-target
GCF_000484655.1	db_all	0.61	TP-target	87.6992	87.6992	97.1325	TP	NA	On-target
GCF_000509025.1	db_all	0.678	TP-neighbor	80.8748	80.8748	99.4964	TP	NA	Off-target
GCF_000509025.1	db_all	0.902	TP-target	80.8748	80.8748	99.4964	TP	NA	On-target
GCF_000509145.1	db_all	0.964	TP-neighbor	80.2234	80.2234	98.4271	TP	NA	Off-target
GCF_000509145.1	db_all	0.821	TP-target	80.2234	80.2234	98.4271	TP	NA	On-target
GCF_000701705.1	db_all	0.83	TP-neighbor	91.7445	91.7445	98.4312	TP	NA	Off-target
GCF_000701705.1	db_all	0.849	TP-target	91.7445	91.7445	98.4312	TP	NA	On-target
GCF_001025215.1	db_all	0.604	TP-neighbor	92.2544	92.2544	98.0204	TP	NA	Off-target
GCF_001025215.1	db_all	0.716	TP-target	92.2544	92.2544	98.0204	TP	NA	On-target
GCF_001304715.1	db_all	0.848	TP-neighbor	91.2834	91.2834	97.7412	TP	NA	Off-target
GCF_001304715.1	db_all	0.744	TP-target	91.2834	91.2834	97.7412	TP	NA	On-target
GCF_002222595.2	db_all	0.687	TP-neighbor	94.0291	94.0291	98.7957	TP	NA	Off-target
GCF_002222595.2	db_all	0.702	TP-target	94.0291	94.0291	98.7957	TP	NA	On-target
GCF_002222615.2	db_all	0.622	TP-neighbor	83.2218	83.2218	99.2348	TP	NA	Off-target
GCF_002222615.2	db_all	0.703	TP-target	83.2218	83.2218	99.2348	TP	NA	On-target
GCF_003466005.1	db_all	0.783	TP-neighbor	94.1427	94.1427	98.3958	TP	NA	Off-target
GCF_003466005.1	db_all	0.859	TP-target	94.1427	94.1427	98.3958	TP	NA	On-target
GCF_003468235.1	db_all	0.777	TP-neighbor	87.1837	87.1837	98.6842	TP	NA	Off-target
GCF_003468235.1	db_all	0.742	TP-target	87.1837	87.1837	98.6842	TP	NA	On-target
GCF_003470975.1	db_all	0.77	TP-neighbor	80.9337	80.9337	98.8134	TP	NA	Off-target
GCF_003470975.1	db_all	0.76	TP-target	80.9337	80.9337	98.8134	TP	NA	On-target
GCF_004154955.1	db_all	0.777	TP-neighbor	80.4694	80.4694	97.9334	TP	NA	Off-target
GCF_004154955.1	db_all	0.746	TP-target	80.4694	80.4694	97.9334	TP	NA	On-target
GCF_008281175.1	db_all	0.912	TP-neighbor	81.943	81.943	98.3438	TP	NA	Off-target
GCF_008281175.1	db_all	0.919	TP-target	81.943	81.943	98.3438	TP	NA	On-target
GCF_010509575.1	db_all	0.707	TP-neighbor	85.6609	85.6609	97.3224	TP	NA	Off-target
GCF_010509575.1	db_all	0.833	TP-target	85.6609	85.6609	97.3224	TP	NA	On-target
GCF_013009555.1	db_all	0.797	TP-neighbor	81.6805	81.6805	98.9447	TP	NA	Off-target
GCF_013009555.1	db_all	0.757	TP-target	81.6805	81.6805	98.9447	TP	NA	On-target
GCF_014467075.1	db_all	0.778	TP-neighbor	91.7251	91.7251	98.3242	TP	NA	Off-target
GCF_014467075.1	db_all	0.837	TP-target	91.7251	91.7251	98.3242	TP	NA	On-target
GCF_016117815.1	db_all	0.769	TP-neighbor	81.9339	81.9339	98.1336	TP	NA	Off-target
GCF_016117815.1	db_all	0.747	TP-target	81.9339	81.9339	98.1336	TP	NA	On-target
GCF_016888945.1	db_all	0.744	TP-neighbor	80.0427	80.0427	98.8787	TP	NA	Off-target
GCF_016888945.1	db_all	0.86	TP-target	80.0427	80.0427	98.8787	TP	NA	On-target
GCF_016889065.1	db_all	0.704	TP-neighbor	91.9693	91.9693	97.8208	TP	NA	Off-target
GCF_016889065.1	db_all	0.721	TP-target	91.9693	91.9693	97.8208	TP	NA	On-target
GCF_016889665.1	db_all	0.836	TP-neighbor	92.0732	92.0732	96.823	TP	NA	Off-target
GCF_016889665.1	db_all	0.745	TP-target	92.0732	92.0732	96.823	TP	NA	On-target
GCF_016889925.1	db_all	0.769	TP-neighbor	87.4809	87.4809	98.985	TP	NA	Off-target
GCF_016889925.1	db_all	0.839	TP-target	87.4809	87.4809	98.985	TP	NA	On-target
GCF_016894205.1	db_all	0.791	TP-neighbor	84.4079	84.4079	98.6555	TP	NA	Off-target
GCF_016894205.1	db_all	0.791	TP-target	84.4079	84.4079	98.6555	TP	NA	On-target
GCF_016904015.1	db_all	0.913	TP-neighbor	79.2144	79.2144	96.9788	TP	NA	Off-target
GCF_016904015.1	db_all	0.748	TP-target	79.2144	79.2144	96.9788	TP	NA	On-target
GCF_016904155.1	db_all	0.604	TP-neighbor	80.5856	80.5856	97.6536	TP	NA	Off-target
GCF_016904155.1	db_all	0.729	TP-target	80.5856	80.5856	97.6536	TP	NA	On-target
GCF_018140635.1	db_all	0.799	TP-neighbor	86.5667	86.5667	97.7199	TP	NA	Off-target
GCF_018140635.1	db_all	0.736	TP-target	86.5667	86.5667	97.7199	TP	NA	On-target
GCF_020149745.1	db_all	0.943	TP-neighbor	93.1653	93.1653	96.8196	TP	NA	Off-target
GCF_020149745.1	db_all	0.447	TP-target	93.1653	93.1653	96.8196	TP	NA	On-target
GCF_020731235.1	db_all	0.919	TP-neighbor	83.6882	83.6882	97.8021	TP	NA	Off-target
GCF_020731235.1	db_all	0.755	TP-target	83.6882	83.6882	97.8021	TP	NA	On-target
GCF_020731525.1	db_all	0.71	TP-neighbor	90.4905	90.4905	96.7765	TP	NA	Off-target
GCF_020731525.1	db_all	0.629	TP-target	90.4905	90.4905	96.7765	TP	NA	On-target
GCF_020735445.1	db_all	0.518	TP-neighbor	86.1911	86.1911	96.3402	TP	NA	Off-target
GCF_020735445.1	db_all	0.682	TP-target	86.1911	86.1911	96.3402	TP	NA	On-target
GCF_020735565.1	db_all	0.788	TP-neighbor	84.1765	84.1765	98.2579	TP	NA	Off-target
GCF_020735565.1	db_all	0.749	TP-target	84.1765	84.1765	98.2579	TP	NA	On-target
GCF_020735605.1	db_all	0.582	TP-neighbor	92.7743	92.7743	97.4226	TP	NA	Off-target
GCF_020735605.1	db_all	0.608	TP-target	92.7743	92.7743	97.4226	TP	NA	On-target
GCF_020735645.1	db_all	0.851	TP-neighbor	90.1108	90.1108	98.6769	TP	NA	Off-target
GCF_020735645.1	db_all	0.905	TP-target	90.1108	90.1108	98.6769	TP	NA	On-target
GCF_020735705.1	db_all	0.642	TP-neighbor	91.5348	91.5348	98.4738	TP	NA	Off-target
GCF_020735705.1	db_all	0.711	TP-target	91.5348	91.5348	98.4738	TP	NA	On-target
GCF_020735725.1	db_all	0.869	TP-neighbor	91.3394	91.3394	98.171	TP	NA	Off-target
GCF_020735725.1	db_all	0.856	TP-target	91.3394	91.3394	98.171	TP	NA	On-target
GCF_020735745.1	db_all	0.641	TP-neighbor	93.9917	93.9917	95.6253	TP	NA	Off-target
GCF_020735745.1	db_all	0.363	TP-target	93.9917	93.9917	95.6253	FN	FN	On-target
GCF_020735865.1	db_all	0.881	TP-neighbor	92.3034	92.3034	96.6304	TP	NA	Off-target
GCF_020735865.1	db_all	0.562	TP-target	92.3034	92.3034	96.6304	TP	NA	On-target
GCF_020736685.1	db_all	0.597	TP-neighbor	92.2639	92.2639	98.1992	TP	NA	Off-target
GCF_020736685.1	db_all	0.871	TP-target	92.2639	92.2639	98.1992	TP	NA	On-target
GCF_900187175.1	db_all	0.886	TP-neighbor	79	79	98.3372	TP	NA	Off-target
GCF_900187175.1	db_all	0.695	TP-target	79	79	98.3372	TP	NA	On-target
GCF_900537995.1	db_all	0.669	TP-neighbor	91.0426	91.0426	98.4563	TP	NA	Off-target
GCF_900537995.1	db_all	0.655	TP-target	91.0426	91.0426	98.4563	TP	NA	On-target
GCF_900637145.1	db_all	0.971	TP-neighbor	81.2277	81.2277	98.5862	TP	NA	Off-target
GCF_900637145.1	db_all	0.802	TP-target	81.2277	81.2277	98.5862	TP	NA	On-target
GCF_902373725.1	db_all	0.832	TP-neighbor	92.5099	92.5099	96.8979	TP	NA	Off-target
GCF_902373725.1	db_all	0.766	TP-target	92.5099	92.5099	96.8979	TP	NA	On-target
GCF_902373765.1	db_all	0.625	TP-neighbor	81.2606	81.2606	98.482	TP	NA	Off-target
GCF_902373765.1	db_all	0.789	TP-target	81.2606	81.2606	98.482	TP	NA	On-target
GCF_902373865.1	db_all	0.927	TP-neighbor	94.2158	94.2158	98.1774	TP	NA	Off-target
GCF_902373865.1	db_all	0.884	TP-target	94.2158	94.2158	98.1774	TP	NA	On-target
GCF_902373875.1	db_all	0.981	TP-neighbor	90.4364	90.4364	96.5259	TP	NA	Off-target
GCF_902373875.1	db_all	0.798	TP-target	90.4364	90.4364	96.5259	TP	NA	On-target
GCF_902373885.1	db_all	0.939	TP-neighbor	80.0074	80.0074	99.1997	TP	NA	Off-target
GCF_902373885.1	db_all	0.941	TP-target	80.0074	80.0074	99.1997	TP	NA	On-target
GCF_902374375.1	db_all	0.732	TP-neighbor	93.5807	93.5807	97.6312	TP	NA	Off-target
GCF_902374375.1	db_all	0.739	TP-target	93.5807	93.5807	97.6312	TP	NA	On-target
GCF_902374895.1	db_all	0.872	TP-neighbor	78.016	78.016	98.5905	TP	NA	Off-target
GCF_902374895.1	db_all	0.898	TP-target	78.016	78.016	98.5905	TP	NA	On-target
GCF_902381755.1	db_all	0.634	TP-neighbor	93.5957	93.5957	97.85	TP	NA	Off-target
GCF_902381755.1	db_all	0.704	TP-target	93.5957	93.5957	97.85	TP	NA	On-target
GCF_902387655.1	db_all	0.667	TP-neighbor	94.5897	94.5897	97.5775	TP	NA	Off-target
GCF_902387655.1	db_all	0.645	TP-target	94.5897	94.5897	97.5775	TP	NA	On-target
GCF_016117815.1	db_all	0.031	FP	81.9339	81.9339	98.1336	TN	NA	Others
GCF_020149745.1	db_all	0.126	FP	93.1653	93.1653	96.8196	TN	NA	Others
GCF_020735565.1	db_all	0.139	FP	84.1765	84.1765	98.2579	TN	NA	Others
GCF_020735605.1	db_all	0.018	FP	92.7743	92.7743	97.4226	TN	NA	Others
GCF_020735605.1	db_all	0.005	FP	92.7743	92.7743	97.4226	TN	NA	Others
GCF_020735605.1	db_all	0.03	FP	92.7743	92.7743	97.4226	TN	NA	Others
GCF_002222615.2	db_all	0.03	FP	83.2218	83.2218	99.2348	TN	NA	Others
GCF_020736685.1	db_all	0.143	FP	92.2639	92.2639	98.1992	TN	NA	Others
GCF_020736685.1	db_all	0.037	FP	92.2639	92.2639	98.1992	TN	NA	Others
GCF_000020225.1	db_all	0.051	FP	94.7424	94.7424	97.3851	TN	NA	Others
GCF_016888945.1	db_all	0.055	FP	80.0427	80.0427	98.8787	TN	NA	Others
GCF_020735865.1	db_all	0.002	FP	92.3034	92.3034	96.6304	TN	NA	Others
GCF_020735865.1	db_all	0.007	FP	92.3034	92.3034	96.6304	TN	NA	Others
GCF_016904155.1	db_all	0.094	FP	80.5856	80.5856	97.6536	TN	NA	Others
GCF_000153905.1	db_all	0.081	FP	84.7145	84.7145	98.2124	TN	NA	Others
GCF_020735705.1	db_all	0.08	FP	91.5348	91.5348	98.4738	TN	NA	Others
GCF_000012825.1	db_all	0.167	FP	81.938	81.938	98.9452	TN	NA	Others
GCF_000173795.1	db_all	0.094	FP	93.0982	93.0982	95.9391	TN	NA	Others
GCF_000173795.1	db_all	0.033	FP	93.0982	93.0982	95.9391	TN	NA	Others
GCF_000173795.1	db_all	0.026	FP	93.0982	93.0982	95.9391	TN	NA	Others
GCF_000173795.1	db_all	0.056	FP	93.0982	93.0982	95.9391	TN	NA	Others
GCF_000156195.1	db_all	0.053	FP	86.24	86.24	98.5198	TN	NA	Others
GCF_000156195.1	db_all	0.131	FP	86.24	86.24	98.5198	TN	NA	Others
GCF_900537995.1	db_all	0.057	FP	91.0426	91.0426	98.4563	TN	NA	Others
GCF_020735445.1	db_all	0.138	FP	86.1911	86.1911	96.3402	TN	NA	Others
GCF_020735445.1	db_all	0.037	FP	86.1911	86.1911	96.3402	TN	NA	Others
GCF_020735445.1	db_all	0.013	FP	86.1911	86.1911	96.3402	TN	NA	Others
GCF_020735445.1	db_all	0.025	FP	86.1911	86.1911	96.3402	TN	NA	Others
GCF_001025215.1	db_all	0.231	FP	92.2544	92.2544	98.0204	TN	NA	Others
GCF_000210075.1	db_all	0.059	FP	92.4409	92.4409	97.494	TN	NA	Others
GCF_000478885.1	db_all	0.488	FP	80.7729	80.7729	95.9426	FP	FP	Others
GCF_000159075.2	db_all	0.049	FP	93.1653	93.1653	95.5427	TN	NA	Others
GCF_000162155.1	db_all	0.062	FP	92.1413	92.1413	97.494	TN	NA	Others
GCF_000163735.1	db_all	0.01	FP	94.4147	94.4147	97.3749	TN	NA	Others
GCF_000382085.1	db_all	0.027	FP	91.8006	91.8006	96.2462	TN	NA	Others
GCF_001304715.1	db_all	0.048	FP	91.2834	91.2834	97.7412	TN	NA	Others
GCF_001304715.1	db_all	0.002	FP	91.2834	91.2834	97.7412	TN	NA	Others
GCF_020149745.1	db_strains	0.138	FP	93.1653	93.1653	96.8196	TN	NA	Others
GCF_000156195.1	db_strains	0.149	FP	86.24	86.24	98.5198	TN	NA	Others
GCF_001025215.1	db_strains	0.232	FP	92.2544	92.2544	98.0204	TN	NA	Others
GCF_000159075.2	db_strains	0.055	FP	93.1653	93.1653	95.5427	TN	NA	Others
