species	representative	Genome	ani	ani_int
100003	GUT_GENOME000008	GUT_GENOME000521	99.9802	99
100003	GUT_GENOME000008	GUT_GENOME155506	98.2594	98
100003	GUT_GENOME000008	GUT_GENOME155885	97.8118	97
100003	GUT_GENOME000008	GUT_GENOME148756	96.551	96
100003	GUT_GENOME000008	GUT_GENOME228723	95.9047	95
100013	GUT_GENOME000035	GUT_GENOME000626	99.9803	99
100013	GUT_GENOME000035	GUT_GENOME000589	98.1678	98
100013	GUT_GENOME000035	GUT_GENOME225326	97.9421	97
100016	GUT_GENOME000049	GUT_GENOME097252	99.0854	99
100016	GUT_GENOME000049	GUT_GENOME120350	97.2201	97
100016	GUT_GENOME000049	GUT_GENOME096935	96.8962	96
100016	GUT_GENOME000049	GUT_GENOME095032	98.6485	98
100016	GUT_GENOME000049	GUT_GENOME075254	95.8998	95
100017	GUT_GENOME000054	GUT_GENOME089036	97.6446	97
100017	GUT_GENOME000054	GUT_GENOME261325	96.8592	96
100026	GUT_GENOME000109	GUT_GENOME023151	95.5262	95
100026	GUT_GENOME000109	GUT_GENOME222061	96.1769	96
100026	GUT_GENOME000109	GUT_GENOME285827	97.4593	97
100031	GUT_GENOME000131	GUT_GENOME000426	99.9663	99
100031	GUT_GENOME000131	GUT_GENOME000103	97.8095	97
100031	GUT_GENOME000131	GUT_GENOME059350	96.8072	96
100031	GUT_GENOME000131	GUT_GENOME017866	95.9276	95
100041	GUT_GENOME000166	GUT_GENOME140328	95.9901	95
100041	GUT_GENOME000166	GUT_GENOME008095	97.1564	97
100041	GUT_GENOME000166	GUT_GENOME258983	98.9573	98
100041	GUT_GENOME000166	GUT_GENOME247946	96.2516	96
100044	GUT_GENOME000192	GUT_GENOME001412	97.2258	97
100044	GUT_GENOME000192	GUT_GENOME147877	99.27	99
100044	GUT_GENOME000192	GUT_GENOME034068	98.46	98
100044	GUT_GENOME000192	GUT_GENOME109835	96.9542	96
100045	GUT_GENOME000196	GUT_GENOME019793	96.0365	96
100045	GUT_GENOME000196	GUT_GENOME000651	98.6184	98
100045	GUT_GENOME000196	GUT_GENOME000376	95.5652	95
100045	GUT_GENOME000196	GUT_GENOME000157	97.8435	97
100045	GUT_GENOME000196	GUT_GENOME257268	99.0304	99
100060	GUT_GENOME000237	GUT_GENOME010062	97.8319	97
100060	GUT_GENOME000237	GUT_GENOME019745	96.7725	96
100060	GUT_GENOME000237	GUT_GENOME103782	100	100
100060	GUT_GENOME000237	GUT_GENOME103875	95.1396	95
100060	GUT_GENOME000237	GUT_GENOME204971	98.0784	98
100060	GUT_GENOME000237	GUT_GENOME049498	99.9116	99
100070	GUT_GENOME000269	GUT_GENOME124941	97.4046	97
100070	GUT_GENOME000269	GUT_GENOME220541	98.9327	98
100070	GUT_GENOME000269	GUT_GENOME099652	99.0078	99
100070	GUT_GENOME000269	GUT_GENOME227560	96.7696	96
100085	GUT_GENOME000396	GUT_GENOME251293	95.1667	95
100085	GUT_GENOME000396	GUT_GENOME000354	99.9898	99
100086	GUT_GENOME000420	GUT_GENOME000378	99.9226	99
100086	GUT_GENOME000420	GUT_GENOME252686	98.4415	98
100086	GUT_GENOME000420	GUT_GENOME276447	97.6368	97
100086	GUT_GENOME000420	GUT_GENOME185012	96.9071	96
100088	GUT_GENOME000432	GUT_GENOME212098	98.8084	98
100088	GUT_GENOME000432	GUT_GENOME212103	99.0122	99
100088	GUT_GENOME000432	GUT_GENOME019043	97.8743	97
100093	GUT_GENOME000483	GUT_GENOME095752	98.9676	98
100093	GUT_GENOME000483	GUT_GENOME177206	99.0321	99
100107	GUT_GENOME000559	GUT_GENOME000555	98.8609	98
100107	GUT_GENOME000559	GUT_GENOME171361	99.0924	99
100108	GUT_GENOME000563	GUT_GENOME143725	98.4437	98
100108	GUT_GENOME000563	GUT_GENOME231746	97.8732	97
100114	GUT_GENOME000572	GUT_GENOME000570	99.9972	99
100119	GUT_GENOME000583	GUT_GENOME005689	98.6648	98
100119	GUT_GENOME000583	GUT_GENOME071999	97.5854	97
100119	GUT_GENOME000583	GUT_GENOME071830	99.0229	99
100136	GUT_GENOME000629	GUT_GENOME000628	99.8739	99
100136	GUT_GENOME000629	GUT_GENOME121879	98.6659	98
100138	GUT_GENOME000655	GUT_GENOME062493	96.4476	96
100138	GUT_GENOME000655	GUT_GENOME173875	95.8152	95
100147	GUT_GENOME000711	GUT_GENOME000011	98.6367	98
100147	GUT_GENOME000711	GUT_GENOME000650	99.9998	99
100167	GUT_GENOME000871	GUT_GENOME037100	95.4668	95
100171	GUT_GENOME000906	GUT_GENOME001294	97.8259	97
100172	GUT_GENOME000931	GUT_GENOME286530	97.6078	97
100172	GUT_GENOME000931	GUT_GENOME128923	96.875	96
100175	GUT_GENOME000962	GUT_GENOME141063	99.5643	99
100175	GUT_GENOME000962	GUT_GENOME079997	98.2623	98
100175	GUT_GENOME000962	GUT_GENOME280030	97.5193	97
100187	GUT_GENOME001023	GUT_GENOME282218	98.0137	98
100187	GUT_GENOME001023	GUT_GENOME151065	97.2206	97
100187	GUT_GENOME001023	GUT_GENOME139624	95.7169	95
100187	GUT_GENOME001023	GUT_GENOME270485	96.1898	96
100187	GUT_GENOME001023	GUT_GENOME156695	99.7634	99
100189	GUT_GENOME001027	GUT_GENOME000138	97.496	97
100189	GUT_GENOME001027	GUT_GENOME000905	98.2811	98
100189	GUT_GENOME001027	GUT_GENOME134641	99.1837	99
100189	GUT_GENOME001027	GUT_GENOME163902	96.8199	96
100197	GUT_GENOME001122	GUT_GENOME270550	95.1643	95
100197	GUT_GENOME001122	GUT_GENOME001072	96.587	96
100197	GUT_GENOME001122	GUT_GENOME001726	97.082	97
100199	GUT_GENOME001139	GUT_GENOME001523	96.032	96
100199	GUT_GENOME001139	GUT_GENOME001676	95.9211	95
100205	GUT_GENOME001208	GUT_GENOME249234	97.2831	97
100205	GUT_GENOME001208	GUT_GENOME189311	96.9919	96
100205	GUT_GENOME001208	GUT_GENOME015922	99.5537	99
100205	GUT_GENOME001208	GUT_GENOME111968	95.4483	95
100205	GUT_GENOME001208	GUT_GENOME086175	98.1235	98
100214	GUT_GENOME001274	GUT_GENOME171317	96.2323	96
100214	GUT_GENOME001274	GUT_GENOME243290	95.7167	95
100230	GUT_GENOME001376	GUT_GENOME233769	98.1616	98
100230	GUT_GENOME001376	GUT_GENOME043701	97.8776	97
100238	GUT_GENOME001422	GUT_GENOME231764	97.6762	97
100244	GUT_GENOME001490	GUT_GENOME024807	95.2684	95
100244	GUT_GENOME001490	GUT_GENOME259348	97.2944	97
100244	GUT_GENOME001490	GUT_GENOME001478	99.9439	99
100244	GUT_GENOME001490	GUT_GENOME114367	96.2496	96
100252	GUT_GENOME001598	GUT_GENOME001656	98.2942	98
100252	GUT_GENOME001598	GUT_GENOME001790	99.0253	99
100252	GUT_GENOME001598	GUT_GENOME017972	95.441	95
100253	GUT_GENOME001602	GUT_GENOME006059	95.8031	95
100253	GUT_GENOME001602	GUT_GENOME269628	97.329	97
100253	GUT_GENOME001602	GUT_GENOME104855	98.0611	98
100253	GUT_GENOME001602	GUT_GENOME255067	96.1982	96
100255	GUT_GENOME001636	GUT_GENOME000792	97.9081	97
100255	GUT_GENOME001636	GUT_GENOME000100	96.6071	96
100255	GUT_GENOME001636	GUT_GENOME091924	95.6166	95
100258	GUT_GENOME001659	GUT_GENOME200294	97.0706	97
100258	GUT_GENOME001659	GUT_GENOME248905	96.9487	96
100258	GUT_GENOME001659	GUT_GENOME229133	99.0343	99
100258	GUT_GENOME001659	GUT_GENOME151058	98.6382	98
100258	GUT_GENOME001659	GUT_GENOME051986	95.917	95
100260	GUT_GENOME001678	GUT_GENOME001333	95.4736	95
100260	GUT_GENOME001678	GUT_GENOME063912	96.2035	96
100263	GUT_GENOME001709	GUT_GENOME000660	98.3953	98
100263	GUT_GENOME001709	GUT_GENOME001703	99.9964	99
100263	GUT_GENOME001709	GUT_GENOME140347	97.8145	97
100284	GUT_GENOME002158	GUT_GENOME058378	99.928	99
100291	GUT_GENOME003036	GUT_GENOME076468	99.5392	99
100299	GUT_GENOME003966	GUT_GENOME060005	99.9999	99
100307	GUT_GENOME004694	GUT_GENOME078050	99.2994	99
100320	GUT_GENOME005475	GUT_GENOME061393	99.9075	99
100320	GUT_GENOME005475	GUT_GENOME080333	95.0231	95
100323	GUT_GENOME005683	GUT_GENOME061522	99.9989	99
100323	GUT_GENOME005683	GUT_GENOME001901	97.588	97
100323	GUT_GENOME005683	GUT_GENOME171624	96.6402	96
100337	GUT_GENOME007005	GUT_GENOME062684	99.9863	99
100373	GUT_GENOME008080	GUT_GENOME254394	97.5297	97
100373	GUT_GENOME008080	GUT_GENOME014316	96.838	96
100434	GUT_GENOME009873	GUT_GENOME259770	98.2166	98
100434	GUT_GENOME009873	GUT_GENOME276456	97.4968	97
100441	GUT_GENOME010315	GUT_GENOME204919	98.3755	98
100441	GUT_GENOME010315	GUT_GENOME010824	99.9977	99
100441	GUT_GENOME010315	GUT_GENOME254513	97.6196	97
100451	GUT_GENOME010812	GUT_GENOME251738	98.5302	98
100451	GUT_GENOME010812	GUT_GENOME257479	97.4467	97
100451	GUT_GENOME010812	GUT_GENOME257037	96.7718	96
100452	GUT_GENOME010933	GUT_GENOME254383	98.5865	98
100452	GUT_GENOME010933	GUT_GENOME212468	97.6291	97
100452	GUT_GENOME010933	GUT_GENOME008605	99.9788	99
100457	GUT_GENOME011049	GUT_GENOME263628	97.3857	97
100457	GUT_GENOME011049	GUT_GENOME257929	98.5781	98
100457	GUT_GENOME011049	GUT_GENOME153930	95.558	95
100457	GUT_GENOME011049	GUT_GENOME257585	99.1506	99
100457	GUT_GENOME011049	GUT_GENOME170494	96.9821	96
100496	GUT_GENOME013235	GUT_GENOME011978	99.0272	99
100496	GUT_GENOME013235	GUT_GENOME011527	98.8954	98
100531	GUT_GENOME014765	GUT_GENOME235589	95.4711	95
100531	GUT_GENOME014765	GUT_GENOME233090	99.907	99
100538	GUT_GENOME015047	GUT_GENOME014417	98.6467	98
100538	GUT_GENOME015047	GUT_GENOME236494	99.9661	99
100538	GUT_GENOME015047	GUT_GENOME219866	97.9535	97
100539	GUT_GENOME015136	GUT_GENOME237466	98.4537	98
100539	GUT_GENOME015136	GUT_GENOME236641	96.8499	96
100539	GUT_GENOME015136	GUT_GENOME235640	99.8881	99
100539	GUT_GENOME015136	GUT_GENOME071729	95.7535	95
100539	GUT_GENOME015136	GUT_GENOME238080	97.7313	97
100543	GUT_GENOME015416	GUT_GENOME018294	97.9923	97
100543	GUT_GENOME015416	GUT_GENOME275936	98.4514	98
100567	GUT_GENOME017567	GUT_GENOME262268	96.3602	96
100567	GUT_GENOME017567	GUT_GENOME114954	95.8294	95
100567	GUT_GENOME017567	GUT_GENOME247920	97.2351	97
100567	GUT_GENOME017567	GUT_GENOME187596	99.7459	99
100579	GUT_GENOME017813	GUT_GENOME017760	95.024	95
100584	GUT_GENOME017944	GUT_GENOME125667	97.5041	97
100584	GUT_GENOME017944	GUT_GENOME181051	96.2425	96
100591	GUT_GENOME018146	GUT_GENOME230505	95.0541	95
100602	GUT_GENOME018456	GUT_GENOME018055	96.6725	96
100602	GUT_GENOME018456	GUT_GENOME164875	95.3699	95
100604	GUT_GENOME018557	GUT_GENOME022913	97.6871	97
100606	GUT_GENOME018576	GUT_GENOME019014	97.7865	97
100606	GUT_GENOME018576	GUT_GENOME011827	98.0061	98
100606	GUT_GENOME018576	GUT_GENOME028353	96.8147	96
100606	GUT_GENOME018576	GUT_GENOME018773	99.8988	99
100606	GUT_GENOME018576	GUT_GENOME239355	95.7427	95
100616	GUT_GENOME018782	GUT_GENOME286736	96.1061	96
100643	GUT_GENOME019330	GUT_GENOME019022	97.0317	97
100643	GUT_GENOME019330	GUT_GENOME018090	95.3027	95
100643	GUT_GENOME019330	GUT_GENOME017814	96.092	96
100643	GUT_GENOME019330	GUT_GENOME018381	98.3507	98
100644	GUT_GENOME019335	GUT_GENOME117929	95.1832	95
100644	GUT_GENOME019335	GUT_GENOME023810	96.0697	96
100659	GUT_GENOME021377	GUT_GENOME021340	99.2848	99
100659	GUT_GENOME021377	GUT_GENOME112091	97.6465	97
100664	GUT_GENOME021839	GUT_GENOME023491	97.5977	97
100664	GUT_GENOME021839	GUT_GENOME116757	95.5819	95
100664	GUT_GENOME021839	GUT_GENOME021826	99.9613	99
100670	GUT_GENOME022295	GUT_GENOME091822	97.8537	97
100670	GUT_GENOME022295	GUT_GENOME048110	96.4793	96
100670	GUT_GENOME022295	GUT_GENOME104873	95.5597	95
100686	GUT_GENOME023482	GUT_GENOME022932	99.7305	99
100686	GUT_GENOME023482	GUT_GENOME234651	95.4364	95
100686	GUT_GENOME023482	GUT_GENOME026070	98.5056	98
100707	GUT_GENOME024743	GUT_GENOME235863	96.4634	96
100707	GUT_GENOME024743	GUT_GENOME025734	97.7609	97
100707	GUT_GENOME024743	GUT_GENOME023890	98.0918	98
100714	GUT_GENOME025243	GUT_GENOME108961	98.3811	98
100714	GUT_GENOME025243	GUT_GENOME010277	97.8423	97
100714	GUT_GENOME025243	GUT_GENOME052837	96.8774	96
100725	GUT_GENOME025761	GUT_GENOME026149	95.531	95
100725	GUT_GENOME025761	GUT_GENOME022560	96.0397	96
100725	GUT_GENOME025761	GUT_GENOME025752	99.2532	99
100725	GUT_GENOME025761	GUT_GENOME218310	97.376	97
100743	GUT_GENOME026702	GUT_GENOME091519	97.05	97
100743	GUT_GENOME026702	GUT_GENOME247398	96.768	96
100743	GUT_GENOME026702	GUT_GENOME026677	99.7725	99
100743	GUT_GENOME026702	GUT_GENOME015031	95.9681	95
100756	GUT_GENOME027286	GUT_GENOME066050	96.8992	96
100765	GUT_GENOME027390	GUT_GENOME065712	99.9992	99
100765	GUT_GENOME027390	GUT_GENOME027287	95.1108	95
100787	GUT_GENOME029840	GUT_GENOME264028	95.2367	95
100787	GUT_GENOME029840	GUT_GENOME262255	99.9067	99
100796	GUT_GENOME031782	GUT_GENOME136936	98.5793	98
100796	GUT_GENOME031782	GUT_GENOME283755	97.1665	97
100810	GUT_GENOME033647	GUT_GENOME017078	97.5857	97
100810	GUT_GENOME033647	GUT_GENOME137873	96.7627	96
100810	GUT_GENOME033647	GUT_GENOME022617	95.9601	95
100836	GUT_GENOME036292	GUT_GENOME011688	96.9458	96
100836	GUT_GENOME036292	GUT_GENOME238052	97.102	97
100870	GUT_GENOME040420	GUT_GENOME095484	98.8482	98
100870	GUT_GENOME040420	GUT_GENOME040400	99.9804	99
100873	GUT_GENOME041780	GUT_GENOME041796	99.9295	99
100873	GUT_GENOME041780	GUT_GENOME039412	98.7584	98
100873	GUT_GENOME041780	GUT_GENOME094817	97.625	97
100884	GUT_GENOME043942	GUT_GENOME278750	97.7267	97
100884	GUT_GENOME043942	GUT_GENOME246272	98.4279	98
100884	GUT_GENOME043942	GUT_GENOME127917	96.6487	96
100898	GUT_GENOME044257	GUT_GENOME021775	98.0225	98
100898	GUT_GENOME044257	GUT_GENOME131338	97.3277	97
100918	GUT_GENOME045895	GUT_GENOME188079	97.6191	97
100918	GUT_GENOME045895	GUT_GENOME098209	99.9792	99
100990	GUT_GENOME061059	GUT_GENOME199134	98.3385	98
100990	GUT_GENOME061059	GUT_GENOME005137	99.9999	99
100990	GUT_GENOME061059	GUT_GENOME120038	97.6861	97
100993	GUT_GENOME062339	GUT_GENOME094622	95.0464	95
100993	GUT_GENOME062339	GUT_GENOME079864	99.9482	99
101002	GUT_GENOME064269	GUT_GENOME094883	95.3329	95
101016	GUT_GENOME065882	GUT_GENOME103239	98.3925	98
101016	GUT_GENOME065882	GUT_GENOME251614	99.9404	99
101066	GUT_GENOME076199	GUT_GENOME095678	97.5645	97
101072	GUT_GENOME077706	GUT_GENOME091296	98.21	98
101072	GUT_GENOME077706	GUT_GENOME184121	95.3479	95
101072	GUT_GENOME077706	GUT_GENOME060348	99.9757	99
101088	GUT_GENOME079379	GUT_GENOME224632	95.4387	95
101088	GUT_GENOME079379	GUT_GENOME006125	99.9255	99
101092	GUT_GENOME080309	GUT_GENOME138959	97.1578	97
101092	GUT_GENOME080309	GUT_GENOME090603	95.158	95
101092	GUT_GENOME080309	GUT_GENOME080303	99.0491	99
101112	GUT_GENOME082800	GUT_GENOME156990	96.0031	96
101112	GUT_GENOME082800	GUT_GENOME148090	97.2803	97
101112	GUT_GENOME082800	GUT_GENOME016016	95.9725	95
101116	GUT_GENOME082983	GUT_GENOME232875	97.5641	97
101116	GUT_GENOME082983	GUT_GENOME015077	96.6226	96
101151	GUT_GENOME086787	GUT_GENOME076909	96.9489	96
101151	GUT_GENOME086787	GUT_GENOME085063	99.087	99
101151	GUT_GENOME086787	GUT_GENOME233619	95.952	95
101151	GUT_GENOME086787	GUT_GENOME076966	97.5628	97
101151	GUT_GENOME086787	GUT_GENOME106324	98.4431	98
101154	GUT_GENOME087180	GUT_GENOME072149	97.4206	97
101160	GUT_GENOME087773	GUT_GENOME089506	99.0638	99
101160	GUT_GENOME087773	GUT_GENOME083540	98.8969	98
101160	GUT_GENOME087773	GUT_GENOME228324	97.1348	97
101188	GUT_GENOME091116	GUT_GENOME183715	95.1966	95
101188	GUT_GENOME091116	GUT_GENOME090649	99.9766	99
101194	GUT_GENOME091537	GUT_GENOME252383	96.1159	96
101209	GUT_GENOME092727	GUT_GENOME257498	98.1531	98
101209	GUT_GENOME092727	GUT_GENOME089869	99.6425	99
101211	GUT_GENOME092814	GUT_GENOME092927	96.3284	96
101211	GUT_GENOME092814	GUT_GENOME089548	99.5822	99
101211	GUT_GENOME092814	GUT_GENOME220430	95.1205	95
101224	GUT_GENOME093605	GUT_GENOME006959	98.0154	98
101224	GUT_GENOME093605	GUT_GENOME065334	99.7462	99
101248	GUT_GENOME094708	GUT_GENOME003530	97.9107	97
101248	GUT_GENOME094708	GUT_GENOME092517	99.9829	99
101248	GUT_GENOME094708	GUT_GENOME059610	98.0876	98
101248	GUT_GENOME094708	GUT_GENOME209254	96.799	96
101297	GUT_GENOME095944	GUT_GENOME142649	96.6246	96
101297	GUT_GENOME095944	GUT_GENOME142659	98.596	98
101297	GUT_GENOME095944	GUT_GENOME142684	99.0358	99
101300	GUT_GENOME095967	GUT_GENOME103845	100	100
101300	GUT_GENOME095967	GUT_GENOME261492	95.883	95
101300	GUT_GENOME095967	GUT_GENOME158499	97.0751	97
101300	GUT_GENOME095967	GUT_GENOME131221	96.623	96
101300	GUT_GENOME095967	GUT_GENOME246230	98.3995	98
101308	GUT_GENOME095981	GUT_GENOME012336	98.057	98
101308	GUT_GENOME095981	GUT_GENOME155554	97.8819	97
101308	GUT_GENOME095981	GUT_GENOME157098	96.2017	96
101309	GUT_GENOME095982	GUT_GENOME103854	100	100
101309	GUT_GENOME095982	GUT_GENOME179027	98.9859	98
101309	GUT_GENOME095982	GUT_GENOME207898	96.5607	96
101317	GUT_GENOME095995	GUT_GENOME103730	99.9789	99
101320	GUT_GENOME095999	GUT_GENOME000995	95.3409	95
101320	GUT_GENOME095999	GUT_GENOME103867	99.7907	99
101321	GUT_GENOME096004	GUT_GENOME103855	99.8939	99
101321	GUT_GENOME096004	GUT_GENOME247090	95.0147	95
101321	GUT_GENOME096004	GUT_GENOME126720	97.8083	97
101321	GUT_GENOME096004	GUT_GENOME262913	96.9911	96
101324	GUT_GENOME096028	GUT_GENOME143596	99.7365	99
101324	GUT_GENOME096028	GUT_GENOME155908	95.1013	95
101345	GUT_GENOME096080	GUT_GENOME096016	99.9261	99
101345	GUT_GENOME096080	GUT_GENOME000638	96.6205	96
101345	GUT_GENOME096080	GUT_GENOME059549	97.0238	97
101345	GUT_GENOME096080	GUT_GENOME240535	95.9533	95
101349	GUT_GENOME096096	GUT_GENOME171351	96.3742	96
101349	GUT_GENOME096096	GUT_GENOME208128	95.9799	95
101349	GUT_GENOME096096	GUT_GENOME263848	97.2735	97
101357	GUT_GENOME096151	GUT_GENOME096199	96.8027	96
101362	GUT_GENOME096172	GUT_GENOME000535	97.9954	97
101362	GUT_GENOME096172	GUT_GENOME103891	99.9859	99
101362	GUT_GENOME096172	GUT_GENOME140274	96.6495	96
101362	GUT_GENOME096172	GUT_GENOME005630	95.7746	95
101364	GUT_GENOME096174	GUT_GENOME225625	97.0213	97
101364	GUT_GENOME096174	GUT_GENOME103861	99.9997	99
101364	GUT_GENOME096174	GUT_GENOME140307	95.8977	95
101364	GUT_GENOME096174	GUT_GENOME153744	96.055	96
101365	GUT_GENOME096175	GUT_GENOME098625	98.8649	98
101365	GUT_GENOME096175	GUT_GENOME103889	99.9473	99
101365	GUT_GENOME096175	GUT_GENOME023236	95.0027	95
101365	GUT_GENOME096175	GUT_GENOME054948	97.4623	97
101377	GUT_GENOME096201	GUT_GENOME096365	99.9934	99
101378	GUT_GENOME096203	GUT_GENOME243834	99.6483	99
101378	GUT_GENOME096203	GUT_GENOME143357	96.292	96
101378	GUT_GENOME096203	GUT_GENOME000454	97.2407	97
101378	GUT_GENOME096203	GUT_GENOME143763	95.0351	95
101378	GUT_GENOME096203	GUT_GENOME242071	98.2555	98
101386	GUT_GENOME096228	GUT_GENOME165125	99.1396	99
101386	GUT_GENOME096228	GUT_GENOME000222	96.794	96
101386	GUT_GENOME096228	GUT_GENOME169250	98.9747	98
101386	GUT_GENOME096228	GUT_GENOME074771	97.6352	97
101387	GUT_GENOME096234	GUT_GENOME142056	96.346	96
101387	GUT_GENOME096234	GUT_GENOME260436	95.1696	95
101387	GUT_GENOME096234	GUT_GENOME091886	97.014	97
101391	GUT_GENOME096240	GUT_GENOME143347	97.9781	97
101391	GUT_GENOME096240	GUT_GENOME255030	98.091	98
101391	GUT_GENOME096240	GUT_GENOME150409	96.9698	96
101392	GUT_GENOME096243	GUT_GENOME143117	95.5405	95
101411	GUT_GENOME096281	GUT_GENOME078498	95.3616	95
101421	GUT_GENOME096293	GUT_GENOME001154	97.7493	97
101421	GUT_GENOME096293	GUT_GENOME185810	96.7379	96
101429	GUT_GENOME096301	GUT_GENOME251861	98.1741	98
101429	GUT_GENOME096301	GUT_GENOME095380	97.9478	97
101429	GUT_GENOME096301	GUT_GENOME253922	99.9436	99
101429	GUT_GENOME096301	GUT_GENOME043590	96.9695	96
101431	GUT_GENOME096332	GUT_GENOME140754	99.8275	99
101431	GUT_GENOME096332	GUT_GENOME096306	96.1803	96
101431	GUT_GENOME096332	GUT_GENOME140747	95.9882	95
101476	GUT_GENOME096445	GUT_GENOME096448	100	100
101490	GUT_GENOME096478	GUT_GENOME142565	97.9188	97
101490	GUT_GENOME096478	GUT_GENOME096138	99.8935	99
101490	GUT_GENOME096478	GUT_GENOME223730	98.3805	98
101490	GUT_GENOME096478	GUT_GENOME140718	95.8658	95
101490	GUT_GENOME096478	GUT_GENOME078808	96.995	96
101494	GUT_GENOME096489	GUT_GENOME190311	99.5897	99
101494	GUT_GENOME096489	GUT_GENOME111767	98.9582	98
101494	GUT_GENOME096489	GUT_GENOME072552	97.6721	97
101499	GUT_GENOME096495	GUT_GENOME000217	98.2349	98
101502	GUT_GENOME096498	GUT_GENOME000734	98.3949	98
101502	GUT_GENOME096498	GUT_GENOME250013	97.8408	97
101564	GUT_GENOME096670	GUT_GENOME088312	99.2318	99
101564	GUT_GENOME096670	GUT_GENOME078312	98.488	98
101564	GUT_GENOME096670	GUT_GENOME076188	97.3751	97
101565	GUT_GENOME096701	GUT_GENOME125677	98.1564	98
101565	GUT_GENOME096701	GUT_GENOME262920	96.625	96
101565	GUT_GENOME096701	GUT_GENOME273205	97.9843	97
101565	GUT_GENOME096701	GUT_GENOME044315	95.7507	95
101591	GUT_GENOME097684	GUT_GENOME046169	99.9321	99
101604	GUT_GENOME097987	GUT_GENOME046379	99.9426	99
101605	GUT_GENOME098007	GUT_GENOME046407	99.9936	99
101615	GUT_GENOME098568	GUT_GENOME097730	99.9835	99
101664	GUT_GENOME101966	GUT_GENOME275293	95.2893	95
101664	GUT_GENOME101966	GUT_GENOME214972	99.9501	99
101687	GUT_GENOME103557	GUT_GENOME215547	96.7494	96
101687	GUT_GENOME103557	GUT_GENOME199165	98.3114	98
101687	GUT_GENOME103557	GUT_GENOME130224	97.9371	97
101695	GUT_GENOME103724	GUT_GENOME262456	96.7458	96
101695	GUT_GENOME103724	GUT_GENOME283037	95.7064	95
101695	GUT_GENOME103724	GUT_GENOME121586	99.7093	99
101695	GUT_GENOME103724	GUT_GENOME168353	98.5699	98
101704	GUT_GENOME103765	GUT_GENOME096194	98.3917	98
101704	GUT_GENOME103765	GUT_GENOME065363	97.4995	97
101704	GUT_GENOME103765	GUT_GENOME096011	99.9156	99
101704	GUT_GENOME103765	GUT_GENOME074749	96.7923	96
101705	GUT_GENOME103766	GUT_GENOME001424	98.0978	98
101705	GUT_GENOME103766	GUT_GENOME096242	97.2033	97
101705	GUT_GENOME103766	GUT_GENOME066465	96.6576	96
101705	GUT_GENOME103766	GUT_GENOME175148	99.3649	99
101707	GUT_GENOME103847	GUT_GENOME176061	97.582	97
101707	GUT_GENOME103847	GUT_GENOME254038	98.1776	98
101707	GUT_GENOME103847	GUT_GENOME078222	99.0946	99
101717	GUT_GENOME104044	GUT_GENOME068479	99.7809	99
101717	GUT_GENOME104044	GUT_GENOME222622	96.0771	96
101720	GUT_GENOME104344	GUT_GENOME114254	96.8252	96
101720	GUT_GENOME104344	GUT_GENOME068056	99.9608	99
101741	GUT_GENOME105597	GUT_GENOME121942	95.2235	95
101741	GUT_GENOME105597	GUT_GENOME067001	99.982	99
101816	GUT_GENOME110949	GUT_GENOME092197	96.4155	96
101820	GUT_GENOME111133	GUT_GENOME283464	96.9286	96
101820	GUT_GENOME111133	GUT_GENOME138820	97.3316	97
101820	GUT_GENOME111133	GUT_GENOME137977	95.7946	95
101855	GUT_GENOME112419	GUT_GENOME012046	98.6373	98
101855	GUT_GENOME112419	GUT_GENOME084618	99.0444	99
101855	GUT_GENOME112419	GUT_GENOME019070	97.8354	97
101862	GUT_GENOME112667	GUT_GENOME155671	95.4388	95
101881	GUT_GENOME113322	GUT_GENOME021853	98.1976	98
101881	GUT_GENOME113322	GUT_GENOME285982	97.3455	97
101919	GUT_GENOME115165	GUT_GENOME071414	98.6808	98
101919	GUT_GENOME115165	GUT_GENOME266511	97.6826	97
101919	GUT_GENOME115165	GUT_GENOME024488	96.6727	96
101919	GUT_GENOME115165	GUT_GENOME069102	99.5757	99
101921	GUT_GENOME115272	GUT_GENOME248903	98.2098	98
101921	GUT_GENOME115272	GUT_GENOME055512	99.9396	99
101933	GUT_GENOME115935	GUT_GENOME117554	98.279	98
101933	GUT_GENOME115935	GUT_GENOME069750	99.4867	99
101933	GUT_GENOME115935	GUT_GENOME160210	97.7913	97
101946	GUT_GENOME116762	GUT_GENOME253468	97.9274	97
101946	GUT_GENOME116762	GUT_GENOME252500	98.4306	98
101946	GUT_GENOME116762	GUT_GENOME030880	96.905	96
101975	GUT_GENOME118160	GUT_GENOME157335	96.3614	96
101975	GUT_GENOME118160	GUT_GENOME084115	97.0685	97
101975	GUT_GENOME118160	GUT_GENOME129155	95.988	95
101975	GUT_GENOME118160	GUT_GENOME134612	98.6151	98
101980	GUT_GENOME118842	GUT_GENOME072247	97.3557	97
101987	GUT_GENOME119698	GUT_GENOME138447	99.9501	99
101987	GUT_GENOME119698	GUT_GENOME039095	97.5473	97
101987	GUT_GENOME119698	GUT_GENOME022823	98.5826	98
101987	GUT_GENOME119698	GUT_GENOME039600	96.1688	96
101987	GUT_GENOME119698	GUT_GENOME039591	95.3665	95
102013	GUT_GENOME121405	GUT_GENOME074531	99.8292	99
102016	GUT_GENOME121425	GUT_GENOME257685	97.933	97
102016	GUT_GENOME121425	GUT_GENOME247402	98.0113	98
102016	GUT_GENOME121425	GUT_GENOME120838	99.7835	99
102021	GUT_GENOME121515	GUT_GENOME038087	99.1939	99
102021	GUT_GENOME121515	GUT_GENOME123516	98.4051	98
102021	GUT_GENOME121515	GUT_GENOME087377	97.7606	97
102021	GUT_GENOME121515	GUT_GENOME069463	96.7999	96
102074	GUT_GENOME125939	GUT_GENOME125948	99.5146	99
102080	GUT_GENOME126659	GUT_GENOME042044	99.7552	99
102087	GUT_GENOME127360	GUT_GENOME180809	99.9001	99
102087	GUT_GENOME127360	GUT_GENOME128666	97.5731	97
102101	GUT_GENOME128042	GUT_GENOME022210	98.8254	98
102101	GUT_GENOME128042	GUT_GENOME195440	99.4521	99
102101	GUT_GENOME128042	GUT_GENOME128196	97.8818	97
102126	GUT_GENOME129586	GUT_GENOME222468	99.9767	99
102163	GUT_GENOME132205	GUT_GENOME256937	98.2245	98
102163	GUT_GENOME132205	GUT_GENOME283326	97.8128	97
102163	GUT_GENOME132205	GUT_GENOME103874	99.9238	99
102163	GUT_GENOME132205	GUT_GENOME121298	96.9233	96
102205	GUT_GENOME137702	GUT_GENOME074547	96.658	96
102205	GUT_GENOME137702	GUT_GENOME247601	95.7091	95
102222	GUT_GENOME139128	GUT_GENOME170001	99.0506	99
102242	GUT_GENOME139713	GUT_GENOME012250	98.341	98
102242	GUT_GENOME139713	GUT_GENOME170515	99.9369	99
102242	GUT_GENOME139713	GUT_GENOME239401	97.9962	97
102242	GUT_GENOME139713	GUT_GENOME157236	96.9319	96
102257	GUT_GENOME139879	GUT_GENOME170658	99.9041	99
102267	GUT_GENOME140043	GUT_GENOME064676	99.8462	99
102267	GUT_GENOME140043	GUT_GENOME247692	98.2507	98
102283	GUT_GENOME140246	GUT_GENOME141726	97.5299	97
102283	GUT_GENOME140246	GUT_GENOME141723	98.7201	98
102283	GUT_GENOME140246	GUT_GENOME141724	95.5362	95
102296	GUT_GENOME140314	GUT_GENOME001786	96.3155	96
102302	GUT_GENOME140340	GUT_GENOME076840	96.6607	96
102302	GUT_GENOME140340	GUT_GENOME177501	95.5393	95
102302	GUT_GENOME140340	GUT_GENOME194687	97.1329	97
102304	GUT_GENOME140345	GUT_GENOME010647	96.9503	96
102320	GUT_GENOME140713	GUT_GENOME141477	98.6762	98
102320	GUT_GENOME140713	GUT_GENOME140715	97.0294	97
102320	GUT_GENOME140713	GUT_GENOME141512	96.789	96
102320	GUT_GENOME140713	GUT_GENOME049530	95.9505	95
102322	GUT_GENOME140808	GUT_GENOME140953	99.8545	99
102322	GUT_GENOME140808	GUT_GENOME080553	97.8239	97
102322	GUT_GENOME140808	GUT_GENOME075585	98.0034	98
102323	GUT_GENOME140826	GUT_GENOME087677	95.9641	95
102323	GUT_GENOME140826	GUT_GENOME141898	96.1517	96
102323	GUT_GENOME140826	GUT_GENOME140799	98.1852	98
102323	GUT_GENOME140826	GUT_GENOME140827	99.7592	99
102325	GUT_GENOME141005	GUT_GENOME141004	99.0639	99
102328	GUT_GENOME141054	GUT_GENOME000750	98.0484	98
102328	GUT_GENOME141054	GUT_GENOME185653	97.9819	97
102329	GUT_GENOME141059	GUT_GENOME263825	97.3768	97
102336	GUT_GENOME141145	GUT_GENOME151562	99.163	99
102336	GUT_GENOME141145	GUT_GENOME249912	96.9857	96
102336	GUT_GENOME141145	GUT_GENOME152624	98.8274	98
102336	GUT_GENOME141145	GUT_GENOME233194	95.9217	95
102336	GUT_GENOME141145	GUT_GENOME016743	97.439	97
102347	GUT_GENOME141397	GUT_GENOME177374	95.7548	95
102347	GUT_GENOME141397	GUT_GENOME001571	96.5888	96
102350	GUT_GENOME141425	GUT_GENOME146005	98.8033	98
102350	GUT_GENOME141425	GUT_GENOME141426	99.9159	99
102350	GUT_GENOME141425	GUT_GENOME231550	95.4965	95
102350	GUT_GENOME141425	GUT_GENOME208096	97.3145	97
102351	GUT_GENOME141436	GUT_GENOME000552	98.9665	98
102351	GUT_GENOME141436	GUT_GENOME176633	99.4436	99
102351	GUT_GENOME141436	GUT_GENOME079815	97.0655	97
102351	GUT_GENOME141436	GUT_GENOME078447	96.7442	96
102352	GUT_GENOME141441	GUT_GENOME131057	97.5601	97
102353	GUT_GENOME141586	GUT_GENOME284546	99.2123	99
102353	GUT_GENOME141586	GUT_GENOME140712	97.7486	97
102353	GUT_GENOME141586	GUT_GENOME141493	98.9068	98
102353	GUT_GENOME141586	GUT_GENOME223891	96.4957	96
102355	GUT_GENOME141698	GUT_GENOME141699	97.3577	97
102355	GUT_GENOME141698	GUT_GENOME141742	95.6795	95
102355	GUT_GENOME141698	GUT_GENOME141702	96.0145	96
102355	GUT_GENOME141698	GUT_GENOME141704	98.1933	98
102357	GUT_GENOME141734	GUT_GENOME001254	99.7605	99
102378	GUT_GENOME142411	GUT_GENOME258414	96.5154	96
102378	GUT_GENOME142411	GUT_GENOME142412	99.9771	99
102378	GUT_GENOME142411	GUT_GENOME208313	95.9265	95
102378	GUT_GENOME142411	GUT_GENOME067876	98.6946	98
102382	GUT_GENOME142419	GUT_GENOME143518	96.3651	96
102382	GUT_GENOME142419	GUT_GENOME176930	95.5236	95
102387	GUT_GENOME142482	GUT_GENOME002451	97.8253	97
102387	GUT_GENOME142482	GUT_GENOME006845	99.2028	99
102387	GUT_GENOME142482	GUT_GENOME141437	98.9947	98
102387	GUT_GENOME142482	GUT_GENOME225059	96.9536	96
102392	GUT_GENOME142492	GUT_GENOME142493	98.9432	98
102423	GUT_GENOME143092	GUT_GENOME143634	95.3646	95
102423	GUT_GENOME143092	GUT_GENOME216800	96.3614	96
102432	GUT_GENOME143112	GUT_GENOME143113	99.5252	99
102434	GUT_GENOME143116	GUT_GENOME143106	95.1805	95
102435	GUT_GENOME143118	GUT_GENOME143119	99.9306	99
102446	GUT_GENOME143185	GUT_GENOME258505	98.4374	98
102446	GUT_GENOME143185	GUT_GENOME115540	97.8968	97
102447	GUT_GENOME143188	GUT_GENOME189823	98.9681	98
102447	GUT_GENOME143188	GUT_GENOME008218	99.1047	99
102447	GUT_GENOME143188	GUT_GENOME075647	97.8662	97
102454	GUT_GENOME143211	GUT_GENOME143214	97.1574	97
102454	GUT_GENOME143211	GUT_GENOME143225	98.1018	98
102454	GUT_GENOME143211	GUT_GENOME264066	99.1929	99
102454	GUT_GENOME143211	GUT_GENOME115756	96.9473	96
102454	GUT_GENOME143211	GUT_GENOME070142	95.8946	95
102460	GUT_GENOME143361	GUT_GENOME143369	97.616	97
102461	GUT_GENOME143379	GUT_GENOME143381	99.2053	99
102480	GUT_GENOME143514	GUT_GENOME094804	95.6183	95
102480	GUT_GENOME143514	GUT_GENOME121510	96.7623	96
102481	GUT_GENOME143519	GUT_GENOME143520	98.1674	98
102482	GUT_GENOME143522	GUT_GENOME053409	95.0672	95
102482	GUT_GENOME143522	GUT_GENOME158800	98.7232	98
102482	GUT_GENOME143522	GUT_GENOME113321	97.5949	97
102482	GUT_GENOME143522	GUT_GENOME139933	96.6577	96
102484	GUT_GENOME143527	GUT_GENOME143526	99.6183	99
102487	GUT_GENOME143632	GUT_GENOME000602	99.4848	99
102487	GUT_GENOME143632	GUT_GENOME127697	98.018	98
102492	GUT_GENOME143712	GUT_GENOME091792	97.2015	97
102492	GUT_GENOME143712	GUT_GENOME099341	96.1967	96
102492	GUT_GENOME143712	GUT_GENOME099548	95.8642	95
102492	GUT_GENOME143712	GUT_GENOME143713	100	100
102495	GUT_GENOME143724	GUT_GENOME096736	98.0299	98
102499	GUT_GENOME143746	GUT_GENOME272883	95.2213	95
102499	GUT_GENOME143746	GUT_GENOME143743	98.2088	98
102499	GUT_GENOME143746	GUT_GENOME171507	97.8987	97
102499	GUT_GENOME143746	GUT_GENOME212896	96.9239	96
102502	GUT_GENOME143751	GUT_GENOME143141	95.0347	95
102506	GUT_GENOME144544	GUT_GENOME144573	97.8801	97
102506	GUT_GENOME144544	GUT_GENOME143844	96.138	96
102506	GUT_GENOME144544	GUT_GENOME144284	99.4202	99
102506	GUT_GENOME144544	GUT_GENOME141776	95.6217	95
102506	GUT_GENOME144544	GUT_GENOME017774	98.1547	98
102510	GUT_GENOME145695	GUT_GENOME142052	98.7689	98
102510	GUT_GENOME145695	GUT_GENOME145676	95.1631	95
102510	GUT_GENOME145695	GUT_GENOME176827	96.1693	96
102511	GUT_GENOME145698	GUT_GENOME145714	99.0164	99
102511	GUT_GENOME145698	GUT_GENOME168116	98.8431	98
102511	GUT_GENOME145698	GUT_GENOME079682	97.7924	97
102511	GUT_GENOME145698	GUT_GENOME176387	96.9714	96
102512	GUT_GENOME145980	GUT_GENOME232238	98.8064	98
102512	GUT_GENOME145980	GUT_GENOME131092	99.5702	99
102512	GUT_GENOME145980	GUT_GENOME098607	96.5133	96
102519	GUT_GENOME146008	GUT_GENOME231616	97.0974	97
102519	GUT_GENOME146008	GUT_GENOME142580	98.2903	98
102519	GUT_GENOME146008	GUT_GENOME079047	95.9779	95
102519	GUT_GENOME146008	GUT_GENOME143755	96.4494	96
102526	GUT_GENOME147138	GUT_GENOME147137	96.5372	96
102529	GUT_GENOME147152	GUT_GENOME147153	100	100
102529	GUT_GENOME147152	GUT_GENOME147151	95.9575	95
102529	GUT_GENOME147152	GUT_GENOME155586	96.0312	96
102538	GUT_GENOME147598	GUT_GENOME145857	99.7074	99
102538	GUT_GENOME147598	GUT_GENOME103764	98.5342	98
102538	GUT_GENOME147598	GUT_GENOME145664	95.6244	95
102538	GUT_GENOME147598	GUT_GENOME145814	96.5563	96
102538	GUT_GENOME147598	GUT_GENOME081423	97.6961	97
102602	GUT_GENOME153591	GUT_GENOME082148	98.3119	98
102602	GUT_GENOME153591	GUT_GENOME086284	99.5697	99
102602	GUT_GENOME153591	GUT_GENOME028115	97.9664	97
102610	GUT_GENOME154740	GUT_GENOME100127	96.8694	96
102619	GUT_GENOME155439	GUT_GENOME195182	97.4111	97
102619	GUT_GENOME155439	GUT_GENOME172318	96.1076	96
102619	GUT_GENOME155439	GUT_GENOME107351	95.9415	95
102630	GUT_GENOME155809	GUT_GENOME248657	95.9988	95
102631	GUT_GENOME155913	GUT_GENOME038140	96.2745	96
102631	GUT_GENOME155913	GUT_GENOME178595	95.0575	95
102631	GUT_GENOME155913	GUT_GENOME227320	97.3732	97
102634	GUT_GENOME155972	GUT_GENOME154207	95.531	95
102640	GUT_GENOME156224	GUT_GENOME156350	96.0857	96
102640	GUT_GENOME156224	GUT_GENOME098344	97.0233	97
102640	GUT_GENOME156224	GUT_GENOME098362	95.3278	95
102641	GUT_GENOME156244	GUT_GENOME248201	96.1443	96
102641	GUT_GENOME156244	GUT_GENOME262393	95.824	95
102643	GUT_GENOME156849	GUT_GENOME035963	95.1995	95
102643	GUT_GENOME156849	GUT_GENOME032617	98.9419	98
102670	GUT_GENOME157463	GUT_GENOME170765	96.0217	96
102670	GUT_GENOME157463	GUT_GENOME170667	95.6384	95
102670	GUT_GENOME157463	GUT_GENOME172469	99.5896	99
102687	GUT_GENOME158398	GUT_GENOME246938	97.1191	97
102687	GUT_GENOME158398	GUT_GENOME158432	99.4455	99
102690	GUT_GENOME158521	GUT_GENOME161682	95.005	95
102690	GUT_GENOME158521	GUT_GENOME158485	99.0924	99
102722	GUT_GENOME159508	GUT_GENOME259478	97.315	97
102722	GUT_GENOME159508	GUT_GENOME256575	96.591	96
102722	GUT_GENOME159508	GUT_GENOME159547	99.7612	99
102722	GUT_GENOME159508	GUT_GENOME255384	98.511	98
102756	GUT_GENOME163027	GUT_GENOME152688	97.7702	97
102760	GUT_GENOME163441	GUT_GENOME159817	95.212	95
102763	GUT_GENOME163684	GUT_GENOME270640	95.9121	95
102763	GUT_GENOME163684	GUT_GENOME268413	96.3963	96
102778	GUT_GENOME165031	GUT_GENOME165236	99.855	99
102816	GUT_GENOME171356	GUT_GENOME171372	99.9773	99
102816	GUT_GENOME171356	GUT_GENOME242535	98.4358	98
102821	GUT_GENOME171448	GUT_GENOME177536	95.2722	95
102834	GUT_GENOME172443	GUT_GENOME157390	99.5353	99
102835	GUT_GENOME172926	GUT_GENOME064845	97.7353	97
102835	GUT_GENOME172926	GUT_GENOME172914	99.8543	99
102835	GUT_GENOME172926	GUT_GENOME190887	98.0504	98
102889	GUT_GENOME176629	GUT_GENOME177191	99.8687	99
102924	GUT_GENOME180129	GUT_GENOME180535	99.9161	99
102955	GUT_GENOME186342	GUT_GENOME033821	97.7397	97
102955	GUT_GENOME186342	GUT_GENOME193327	98.2022	98
102955	GUT_GENOME186342	GUT_GENOME186145	99.7077	99
102955	GUT_GENOME186342	GUT_GENOME190112	96.9309	96
102994	GUT_GENOME192857	GUT_GENOME193548	99.8647	99
102994	GUT_GENOME192857	GUT_GENOME120279	98.4774	98
102996	GUT_GENOME193080	GUT_GENOME285762	98.9812	98
102996	GUT_GENOME193080	GUT_GENOME191725	99.7731	99
103012	GUT_GENOME194547	GUT_GENOME189119	99.9507	99
103014	GUT_GENOME194590	GUT_GENOME185591	96.4801	96
103014	GUT_GENOME194590	GUT_GENOME189560	99.2247	99
103022	GUT_GENOME195667	GUT_GENOME065594	95.6889	95
103022	GUT_GENOME195667	GUT_GENOME034889	99.0964	99
103022	GUT_GENOME195667	GUT_GENOME102175	97.2124	97
103022	GUT_GENOME195667	GUT_GENOME278055	96.4219	96
103022	GUT_GENOME195667	GUT_GENOME124415	98.8186	98
103118	GUT_GENOME207341	GUT_GENOME002764	95.5269	95
103118	GUT_GENOME207341	GUT_GENOME212255	97.891	97
103126	GUT_GENOME207512	GUT_GENOME231238	97.0375	97
103126	GUT_GENOME207512	GUT_GENOME077108	96.8797	96
103126	GUT_GENOME207512	GUT_GENOME176802	95.8632	95
103126	GUT_GENOME207512	GUT_GENOME176929	99.5355	99
103126	GUT_GENOME207512	GUT_GENOME118338	98.8215	98
103138	GUT_GENOME207884	GUT_GENOME098829	96.2771	96
103138	GUT_GENOME207884	GUT_GENOME185113	95.8275	95
103146	GUT_GENOME208016	GUT_GENOME243176	96.1665	96
103146	GUT_GENOME208016	GUT_GENOME176927	95.3523	95
103164	GUT_GENOME209360	GUT_GENOME209344	99.937	99
103164	GUT_GENOME209360	GUT_GENOME105464	97.4938	97
103189	GUT_GENOME212287	GUT_GENOME179036	99.9938	99
103189	GUT_GENOME212287	GUT_GENOME059645	95.2023	95
103189	GUT_GENOME212287	GUT_GENOME231581	98.1028	98
103190	GUT_GENOME212317	GUT_GENOME212068	96.332	96
103190	GUT_GENOME212317	GUT_GENOME027264	95.6437	95
103190	GUT_GENOME212317	GUT_GENOME212310	99.9278	99
103196	GUT_GENOME212873	GUT_GENOME212834	99.3548	99
103197	GUT_GENOME212929	GUT_GENOME212947	99.9992	99
103197	GUT_GENOME212929	GUT_GENOME095848	98.5756	98
103272	GUT_GENOME218496	GUT_GENOME283517	95.6855	95
103272	GUT_GENOME218496	GUT_GENOME218487	99.8391	99
103272	GUT_GENOME218496	GUT_GENOME181368	96.0601	96
103279	GUT_GENOME218891	GUT_GENOME214511	99.8289	99
103279	GUT_GENOME218891	GUT_GENOME154268	98.0017	98
103279	GUT_GENOME218891	GUT_GENOME243321	97.9064	97
103282	GUT_GENOME219276	GUT_GENOME214635	99.9739	99
103282	GUT_GENOME219276	GUT_GENOME063622	98.3912	98
103302	GUT_GENOME222009	GUT_GENOME043553	96.7383	96
103302	GUT_GENOME222009	GUT_GENOME078039	97.4031	97
103302	GUT_GENOME222009	GUT_GENOME128201	99.7253	99
103303	GUT_GENOME222123	GUT_GENOME095664	95.6503	95
103320	GUT_GENOME225784	GUT_GENOME164238	99.9998	99
103320	GUT_GENOME225784	GUT_GENOME239431	95.8384	95
103362	GUT_GENOME231299	GUT_GENOME231655	97.2648	97
103372	GUT_GENOME231453	GUT_GENOME207743	95.1144	95
103372	GUT_GENOME231453	GUT_GENOME208818	98.4477	98
103380	GUT_GENOME231632	GUT_GENOME177012	97.5285	97
103380	GUT_GENOME231632	GUT_GENOME176693	99.7374	99
103390	GUT_GENOME231920	GUT_GENOME232182	99.933	99
103418	GUT_GENOME232929	GUT_GENOME235817	95.1987	95
103442	GUT_GENOME234088	GUT_GENOME013421	98.8319	98
103503	GUT_GENOME236319	GUT_GENOME012640	99.9762	99
103507	GUT_GENOME236454	GUT_GENOME234946	96.7697	96
103507	GUT_GENOME236454	GUT_GENOME015004	99.9113	99
103597	GUT_GENOME237633	GUT_GENOME012597	99.8625	99
103653	GUT_GENOME238401	GUT_GENOME169927	99.6948	99
103683	GUT_GENOME239670	GUT_GENOME000387	97.8633	97
103683	GUT_GENOME239670	GUT_GENOME001782	98.6352	98
103683	GUT_GENOME239670	GUT_GENOME139977	96.6759	96
103683	GUT_GENOME239670	GUT_GENOME019280	95.9995	95
103689	GUT_GENOME239700	GUT_GENOME121110	99.5866	99
103689	GUT_GENOME239700	GUT_GENOME094690	97.6925	97
103689	GUT_GENOME239700	GUT_GENOME004868	98.3694	98
103690	GUT_GENOME239704	GUT_GENOME205920	96.7473	96
103690	GUT_GENOME239704	GUT_GENOME241585	98.964	98
103690	GUT_GENOME239704	GUT_GENOME239868	99.3096	99
103690	GUT_GENOME239704	GUT_GENOME184861	97.0588	97
103692	GUT_GENOME239721	GUT_GENOME016860	96.4385	96
103692	GUT_GENOME239721	GUT_GENOME017150	95.9771	95
103692	GUT_GENOME239721	GUT_GENOME001256	97.2246	97
103693	GUT_GENOME239725	GUT_GENOME225338	95.0791	95
103693	GUT_GENOME239725	GUT_GENOME016974	97.731	97
103693	GUT_GENOME239725	GUT_GENOME148279	96.4987	96
103693	GUT_GENOME239725	GUT_GENOME149359	99.3179	99
103693	GUT_GENOME239725	GUT_GENOME149192	98.6782	98
103697	GUT_GENOME239747	GUT_GENOME019718	95.7091	95
103697	GUT_GENOME239747	GUT_GENOME208554	96.4432	96
103697	GUT_GENOME239747	GUT_GENOME075150	97.0106	97
103699	GUT_GENOME239772	GUT_GENOME177700	97.2636	97
103699	GUT_GENOME239772	GUT_GENOME239251	95.2364	95
103699	GUT_GENOME239772	GUT_GENOME148451	96.9586	96
103703	GUT_GENOME239815	GUT_GENOME262704	96.6314	96
103703	GUT_GENOME239815	GUT_GENOME034986	97.1495	97
103703	GUT_GENOME239815	GUT_GENOME102040	95.6301	95
103746	GUT_GENOME243345	GUT_GENOME243942	95.1268	95
103746	GUT_GENOME243345	GUT_GENOME243365	99.37	99
103761	GUT_GENOME243585	GUT_GENOME243109	99.6624	99
103761	GUT_GENOME243585	GUT_GENOME243437	98.9639	98
103790	GUT_GENOME244134	GUT_GENOME244176	96.1397	96
103821	GUT_GENOME244589	GUT_GENOME156298	97.6738	97
103821	GUT_GENOME244589	GUT_GENOME035308	99.2946	99
103876	GUT_GENOME246802	GUT_GENOME282988	99.4832	99
103923	GUT_GENOME250693	GUT_GENOME250436	97.1355	97
103928	GUT_GENOME250934	GUT_GENOME186091	95.4473	95
103932	GUT_GENOME250982	GUT_GENOME130615	98.3614	98
103932	GUT_GENOME250982	GUT_GENOME234439	97.5916	97
103932	GUT_GENOME250982	GUT_GENOME122437	96.6668	96
103933	GUT_GENOME250990	GUT_GENOME065975	98.6114	98
103933	GUT_GENOME250990	GUT_GENOME158627	95.2416	95
103933	GUT_GENOME250990	GUT_GENOME084034	97.4336	97
103958	GUT_GENOME251867	GUT_GENOME256490	98.546	98
103958	GUT_GENOME251867	GUT_GENOME118229	97.6429	97
103958	GUT_GENOME251867	GUT_GENOME074546	96.3337	96
103981	GUT_GENOME252752	GUT_GENOME250974	98.7844	98
104018	GUT_GENOME254000	GUT_GENOME253949	95.0722	95
104059	GUT_GENOME255258	GUT_GENOME026203	96.9538	96
104083	GUT_GENOME255938	GUT_GENOME089119	97.3727	97
104083	GUT_GENOME255938	GUT_GENOME257780	96.9991	96
104083	GUT_GENOME255938	GUT_GENOME190770	98.3908	98
104083	GUT_GENOME255938	GUT_GENOME259269	95.0858	95
104083	GUT_GENOME255938	GUT_GENOME196594	99.0789	99
104102	GUT_GENOME256424	GUT_GENOME266006	97.8387	97
104108	GUT_GENOME256536	GUT_GENOME260110	98.3398	98
104114	GUT_GENOME256714	GUT_GENOME023088	97.8299	97
104114	GUT_GENOME256714	GUT_GENOME007567	98.0806	98
104114	GUT_GENOME256714	GUT_GENOME153297	96.9226	96
104114	GUT_GENOME256714	GUT_GENOME282228	99.0308	99
104114	GUT_GENOME256714	GUT_GENOME150064	95.8907	95
104115	GUT_GENOME256763	GUT_GENOME174657	95.9676	95
104115	GUT_GENOME256763	GUT_GENOME159718	97.9081	97
104115	GUT_GENOME256763	GUT_GENOME253822	96.2697	96
104115	GUT_GENOME256763	GUT_GENOME158613	99.3427	99
104200	GUT_GENOME259524	GUT_GENOME132061	96.5223	96
104200	GUT_GENOME259524	GUT_GENOME117503	97.4809	97
104236	GUT_GENOME260369	GUT_GENOME258820	98.653	98
104236	GUT_GENOME260369	GUT_GENOME259029	99.359	99
104241	GUT_GENOME260703	GUT_GENOME102949	96.5729	96
104250	GUT_GENOME261061	GUT_GENOME263896	95.3751	95
104250	GUT_GENOME261061	GUT_GENOME019065	96.2468	96
104250	GUT_GENOME261061	GUT_GENOME007555	97.9426	97
104250	GUT_GENOME261061	GUT_GENOME138618	98.9602	98
104253	GUT_GENOME261390	GUT_GENOME174827	98.8685	98
104253	GUT_GENOME261390	GUT_GENOME029142	99.785	99
104253	GUT_GENOME261390	GUT_GENOME099672	97.9903	97
104253	GUT_GENOME261390	GUT_GENOME069106	96.8534	96
104262	GUT_GENOME261541	GUT_GENOME083426	96.4833	96
104262	GUT_GENOME261541	GUT_GENOME021379	95.6661	95
104262	GUT_GENOME261541	GUT_GENOME029254	99.2254	99
104284	GUT_GENOME263475	GUT_GENOME030771	99.9561	99
104288	GUT_GENOME263866	GUT_GENOME031067	99.9377	99
104288	GUT_GENOME263866	GUT_GENOME265635	97.262	97
104288	GUT_GENOME263866	GUT_GENOME045621	98.1488	98
104328	GUT_GENOME267277	GUT_GENOME132142	95.2567	95
104352	GUT_GENOME269121	GUT_GENOME154898	97.0451	97
104352	GUT_GENOME269121	GUT_GENOME272950	96.9369	96
104352	GUT_GENOME269121	GUT_GENOME276591	99.5989	99
104352	GUT_GENOME269121	GUT_GENOME279062	98.8626	98
104354	GUT_GENOME269217	GUT_GENOME206085	96.0481	96
104356	GUT_GENOME269364	GUT_GENOME280317	95.0244	95
104356	GUT_GENOME269364	GUT_GENOME256320	96.5233	96
104388	GUT_GENOME271436	GUT_GENOME252191	97.1757	97
104388	GUT_GENOME271436	GUT_GENOME272289	96.7178	96
104403	GUT_GENOME272761	GUT_GENOME162397	98.4139	98
104456	GUT_GENOME275692	GUT_GENOME234550	96.6245	96
104479	GUT_GENOME276949	GUT_GENOME024829	95.2303	95
104483	GUT_GENOME277090	GUT_GENOME102130	95.3987	95
104483	GUT_GENOME277090	GUT_GENOME253277	96.6794	96
104486	GUT_GENOME277097	GUT_GENOME265978	96.8972	96
104488	GUT_GENOME277187	GUT_GENOME274341	96.3455	96
104488	GUT_GENOME277187	GUT_GENOME007705	95.939	95
104488	GUT_GENOME277187	GUT_GENOME275040	99.666	99
104510	GUT_GENOME279533	GUT_GENOME077083	97.1022	97
104510	GUT_GENOME279533	GUT_GENOME161734	95.9911	95
104526	GUT_GENOME280620	GUT_GENOME251955	97.5489	97
104526	GUT_GENOME280620	GUT_GENOME277966	99.1413	99
104526	GUT_GENOME280620	GUT_GENOME210563	96.999	96
104526	GUT_GENOME280620	GUT_GENOME025155	98.1217	98
104618	GUT_GENOME285134	GUT_GENOME244613	98.0905	98
104618	GUT_GENOME285134	GUT_GENOME285139	96.8991	96
104618	GUT_GENOME285134	GUT_GENOME244878	97.611	97
