db_type	sim_cov	refid	sitetype	sites_total	sites_uncalled	sites_correct	sites_incorrect
db_strains	20	gnl|Prokka|UHGG000109_1	ref	63574	4	49109	42
db_strains	20	gnl|Prokka|UHGG000109_1	snp	2019	1	1178	59
db_strains	20	gnl|Prokka|UHGG000109_10	ref	40681	1	36748	10
db_strains	20	gnl|Prokka|UHGG000109_10	snp	1094	2	660	11
db_strains	20	gnl|Prokka|UHGG000109_100	ref	3357	0	238	0
db_strains	20	gnl|Prokka|UHGG000109_100	snp	110	0	10	0
db_strains	20	gnl|Prokka|UHGG000109_101	ref	4070	0	3709	0
db_strains	20	gnl|Prokka|UHGG000109_101	snp	155	0	135	0
db_strains	20	gnl|Prokka|UHGG000109_103	ref	5282	0	5060	5
db_strains	20	gnl|Prokka|UHGG000109_103	snp	173	0	152	0
db_strains	20	gnl|Prokka|UHGG000109_104	ref	4885	0	4436	0
db_strains	20	gnl|Prokka|UHGG000109_104	snp	161	0	121	0
db_strains	20	gnl|Prokka|UHGG000109_106	ref	864	0	440	0
db_strains	20	gnl|Prokka|UHGG000109_106	snp	38	0	12	0
db_strains	20	gnl|Prokka|UHGG000109_107	ref	3998	0	3956	0
db_strains	20	gnl|Prokka|UHGG000109_107	snp	89	0	89	0
db_strains	20	gnl|Prokka|UHGG000109_108	ref	4910	0	961	7
db_strains	20	gnl|Prokka|UHGG000109_108	snp	153	0	20	12
db_strains	20	gnl|Prokka|UHGG000109_109	ref	530	0	0	0
db_strains	20	gnl|Prokka|UHGG000109_109	snp	12	0	0	0
db_strains	20	gnl|Prokka|UHGG000109_11	ref	40882	7	27792	45
db_strains	20	gnl|Prokka|UHGG000109_11	snp	1193	9	514	92
db_strains	20	gnl|Prokka|UHGG000109_112	ref	2310	0	2239	0
db_strains	20	gnl|Prokka|UHGG000109_112	snp	71	0	60	0
db_strains	20	gnl|Prokka|UHGG000109_113	ref	2957	0	2838	0
db_strains	20	gnl|Prokka|UHGG000109_113	snp	75	0	65	0
db_strains	20	gnl|Prokka|UHGG000109_119	ref	1434	0	165	0
db_strains	20	gnl|Prokka|UHGG000109_119	snp	34	0	1	0
db_strains	20	gnl|Prokka|UHGG000109_12	ref	53867	0	49188	7
db_strains	20	gnl|Prokka|UHGG000109_12	snp	1153	0	934	15
db_strains	20	gnl|Prokka|UHGG000109_121	ref	2280	2	2194	1
db_strains	20	gnl|Prokka|UHGG000109_121	snp	70	0	47	23
db_strains	20	gnl|Prokka|UHGG000109_123	ref	178	0	129	0
db_strains	20	gnl|Prokka|UHGG000109_123	snp	1	0	0	0
db_strains	20	gnl|Prokka|UHGG000109_124	ref	2354	0	2268	0
db_strains	20	gnl|Prokka|UHGG000109_124	snp	48	0	46	0
db_strains	20	gnl|Prokka|UHGG000109_127	ref	740	0	332	0
db_strains	20	gnl|Prokka|UHGG000109_127	snp	19	0	8	0
db_strains	20	gnl|Prokka|UHGG000109_129	ref	1841	0	1761	0
db_strains	20	gnl|Prokka|UHGG000109_129	snp	27	0	19	0
db_strains	20	gnl|Prokka|UHGG000109_13	ref	20737	12	12576	58
db_strains	20	gnl|Prokka|UHGG000109_13	snp	606	2	228	99
db_strains	20	gnl|Prokka|UHGG000109_131	ref	1665	0	1655	0
db_strains	20	gnl|Prokka|UHGG000109_131	snp	28	0	27	0
db_strains	20	gnl|Prokka|UHGG000109_132	ref	934	0	636	0
db_strains	20	gnl|Prokka|UHGG000109_132	snp	31	0	21	0
db_strains	20	gnl|Prokka|UHGG000109_133	ref	1694	0	313	0
db_strains	20	gnl|Prokka|UHGG000109_133	snp	17	0	1	0
db_strains	20	gnl|Prokka|UHGG000109_135	ref	1519	0	1083	0
db_strains	20	gnl|Prokka|UHGG000109_135	snp	47	0	30	0
db_strains	20	gnl|Prokka|UHGG000109_136	ref	1387	0	1065	3
db_strains	20	gnl|Prokka|UHGG000109_136	snp	37	0	24	2
db_strains	20	gnl|Prokka|UHGG000109_14	ref	35915	3	24463	46
db_strains	20	gnl|Prokka|UHGG000109_14	snp	1068	1	502	104
db_strains	20	gnl|Prokka|UHGG000109_141	ref	132	0	0	0
db_strains	20	gnl|Prokka|UHGG000109_141	snp	3	0	0	0
db_strains	20	gnl|Prokka|UHGG000109_142	ref	1021	0	979	0
db_strains	20	gnl|Prokka|UHGG000109_142	snp	17	0	17	0
db_strains	20	gnl|Prokka|UHGG000109_146	ref	728	0	551	0
db_strains	20	gnl|Prokka|UHGG000109_146	snp	17	0	12	0
db_strains	20	gnl|Prokka|UHGG000109_15	ref	42576	3	35362	3
db_strains	20	gnl|Prokka|UHGG000109_15	snp	859	3	699	4
db_strains	20	gnl|Prokka|UHGG000109_153	ref	503	0	0	0
db_strains	20	gnl|Prokka|UHGG000109_153	snp	11	0	0	0
db_strains	20	gnl|Prokka|UHGG000109_157	ref	286	0	0	0
db_strains	20	gnl|Prokka|UHGG000109_157	snp	7	0	0	0
db_strains	20	gnl|Prokka|UHGG000109_16	ref	42451	1	33947	32
db_strains	20	gnl|Prokka|UHGG000109_16	snp	1088	0	714	31
db_strains	20	gnl|Prokka|UHGG000109_163	ref	376	0	0	0
db_strains	20	gnl|Prokka|UHGG000109_163	snp	6	0	0	0
db_strains	20	gnl|Prokka|UHGG000109_17	ref	40714	0	30791	27
db_strains	20	gnl|Prokka|UHGG000109_17	snp	1352	1	701	77
db_strains	20	gnl|Prokka|UHGG000109_177	ref	136	0	0	0
db_strains	20	gnl|Prokka|UHGG000109_177	snp	3	0	0	0
db_strains	20	gnl|Prokka|UHGG000109_18	ref	31499	3	12909	30
db_strains	20	gnl|Prokka|UHGG000109_18	snp	794	5	214	61
db_strains	20	gnl|Prokka|UHGG000109_19	ref	29768	1	27978	2
db_strains	20	gnl|Prokka|UHGG000109_19	snp	729	2	569	5
db_strains	20	gnl|Prokka|UHGG000109_2	ref	22709	0	21702	2
db_strains	20	gnl|Prokka|UHGG000109_2	snp	550	0	450	0
db_strains	20	gnl|Prokka|UHGG000109_20	ref	34031	1	20780	46
db_strains	20	gnl|Prokka|UHGG000109_20	snp	1087	6	316	220
db_strains	20	gnl|Prokka|UHGG000109_21	ref	34730	0	29235	16
db_strains	20	gnl|Prokka|UHGG000109_21	snp	778	3	487	70
db_strains	20	gnl|Prokka|UHGG000109_22	ref	32843	3	31864	7
db_strains	20	gnl|Prokka|UHGG000109_22	snp	747	1	632	7
db_strains	20	gnl|Prokka|UHGG000109_23	ref	27113	6	17542	37
db_strains	20	gnl|Prokka|UHGG000109_23	snp	870	12	340	89
db_strains	20	gnl|Prokka|UHGG000109_24	ref	29796	0	28783	3
db_strains	20	gnl|Prokka|UHGG000109_24	snp	472	0	441	0
db_strains	20	gnl|Prokka|UHGG000109_25	ref	25904	2	13887	13
db_strains	20	gnl|Prokka|UHGG000109_25	snp	831	2	306	23
db_strains	20	gnl|Prokka|UHGG000109_26	ref	24260	4	12151	23
db_strains	20	gnl|Prokka|UHGG000109_26	snp	650	3	204	46
db_strains	20	gnl|Prokka|UHGG000109_27	ref	20123	0	12019	30
db_strains	20	gnl|Prokka|UHGG000109_27	snp	479	7	201	42
db_strains	20	gnl|Prokka|UHGG000109_28	ref	27114	0	16686	12
db_strains	20	gnl|Prokka|UHGG000109_28	snp	882	5	358	54
db_strains	20	gnl|Prokka|UHGG000109_29	ref	25718	0	22067	2
db_strains	20	gnl|Prokka|UHGG000109_29	snp	734	0	539	3
db_strains	20	gnl|Prokka|UHGG000109_3	ref	57147	14	35579	61
db_strains	20	gnl|Prokka|UHGG000109_3	snp	1501	13	808	86
db_strains	20	gnl|Prokka|UHGG000109_30	ref	24120	3	11435	17
db_strains	20	gnl|Prokka|UHGG000109_30	snp	780	3	218	32
db_strains	20	gnl|Prokka|UHGG000109_31	ref	24688	0	10462	10
db_strains	20	gnl|Prokka|UHGG000109_31	snp	574	0	161	37
db_strains	20	gnl|Prokka|UHGG000109_32	ref	20661	3	17664	16
db_strains	20	gnl|Prokka|UHGG000109_32	snp	460	7	293	20
db_strains	20	gnl|Prokka|UHGG000109_33	ref	24003	10	16717	28
db_strains	20	gnl|Prokka|UHGG000109_33	snp	588	6	259	37
db_strains	20	gnl|Prokka|UHGG000109_35	ref	21880	1	18061	17
db_strains	20	gnl|Prokka|UHGG000109_35	snp	637	4	392	16
db_strains	20	gnl|Prokka|UHGG000109_36	ref	19412	0	15024	10
db_strains	20	gnl|Prokka|UHGG000109_36	snp	493	2	269	20
db_strains	20	gnl|Prokka|UHGG000109_37	ref	20254	8	9727	31
db_strains	20	gnl|Prokka|UHGG000109_37	snp	610	5	186	36
db_strains	20	gnl|Prokka|UHGG000109_38	ref	21506	0	19106	10
db_strains	20	gnl|Prokka|UHGG000109_38	snp	491	1	362	32
db_strains	20	gnl|Prokka|UHGG000109_39	ref	6274	5	4131	25
db_strains	20	gnl|Prokka|UHGG000109_39	snp	201	2	107	16
db_strains	20	gnl|Prokka|UHGG000109_4	ref	57033	9	40053	45
db_strains	20	gnl|Prokka|UHGG000109_4	snp	1515	11	936	43
db_strains	20	gnl|Prokka|UHGG000109_40	ref	12072	0	9358	6
db_strains	20	gnl|Prokka|UHGG000109_40	snp	456	0	264	0
db_strains	20	gnl|Prokka|UHGG000109_41	ref	18268	2	15832	12
db_strains	20	gnl|Prokka|UHGG000109_41	snp	535	0	409	12
db_strains	20	gnl|Prokka|UHGG000109_42	ref	15371	3	13181	4
db_strains	20	gnl|Prokka|UHGG000109_42	snp	304	0	223	4
db_strains	20	gnl|Prokka|UHGG000109_43	ref	13777	4	9177	19
db_strains	20	gnl|Prokka|UHGG000109_43	snp	319	3	178	20
db_strains	20	gnl|Prokka|UHGG000109_44	ref	11558	1	7177	14
db_strains	20	gnl|Prokka|UHGG000109_44	snp	439	2	191	13
db_strains	20	gnl|Prokka|UHGG000109_45	ref	13344	1	6277	22
db_strains	20	gnl|Prokka|UHGG000109_45	snp	494	4	109	54
db_strains	20	gnl|Prokka|UHGG000109_46	ref	15489	1	11583	8
db_strains	20	gnl|Prokka|UHGG000109_46	snp	435	0	250	5
db_strains	20	gnl|Prokka|UHGG000109_47	ref	2624	0	2455	0
db_strains	20	gnl|Prokka|UHGG000109_47	snp	88	0	65	0
db_strains	20	gnl|Prokka|UHGG000109_48	ref	16711	0	13168	1
db_strains	20	gnl|Prokka|UHGG000109_48	snp	373	0	235	3
db_strains	20	gnl|Prokka|UHGG000109_49	ref	16697	0	11200	0
db_strains	20	gnl|Prokka|UHGG000109_49	snp	182	0	104	0
db_strains	20	gnl|Prokka|UHGG000109_5	ref	56996	2	53077	6
db_strains	20	gnl|Prokka|UHGG000109_5	snp	1389	3	1107	0
db_strains	20	gnl|Prokka|UHGG000109_50	ref	10840	0	8012	0
db_strains	20	gnl|Prokka|UHGG000109_50	snp	281	0	141	2
db_strains	20	gnl|Prokka|UHGG000109_51	ref	11724	0	8417	0
db_strains	20	gnl|Prokka|UHGG000109_51	snp	321	0	176	4
db_strains	20	gnl|Prokka|UHGG000109_53	ref	14782	0	11595	0
db_strains	20	gnl|Prokka|UHGG000109_53	snp	319	2	231	0
db_strains	20	gnl|Prokka|UHGG000109_55	ref	7300	3	5066	4
db_strains	20	gnl|Prokka|UHGG000109_55	snp	295	2	118	2
db_strains	20	gnl|Prokka|UHGG000109_56	ref	14165	2	13591	17
db_strains	20	gnl|Prokka|UHGG000109_56	snp	460	0	364	32
db_strains	20	gnl|Prokka|UHGG000109_57	ref	1749	0	1741	1
db_strains	20	gnl|Prokka|UHGG000109_57	snp	53	0	53	0
db_strains	20	gnl|Prokka|UHGG000109_58	ref	13674	2	10490	4
db_strains	20	gnl|Prokka|UHGG000109_58	snp	271	2	167	17
db_strains	20	gnl|Prokka|UHGG000109_59	ref	11205	2	8304	13
db_strains	20	gnl|Prokka|UHGG000109_59	snp	336	1	192	17
db_strains	20	gnl|Prokka|UHGG000109_6	ref	47524	11	25580	37
db_strains	20	gnl|Prokka|UHGG000109_6	snp	1530	6	510	104
db_strains	20	gnl|Prokka|UHGG000109_60	ref	11424	1	10069	0
db_strains	20	gnl|Prokka|UHGG000109_60	snp	254	0	214	2
db_strains	20	gnl|Prokka|UHGG000109_61	ref	13195	1	7081	23
db_strains	20	gnl|Prokka|UHGG000109_61	snp	290	0	86	46
db_strains	20	gnl|Prokka|UHGG000109_63	ref	4139	0	3974	0
db_strains	20	gnl|Prokka|UHGG000109_63	snp	113	0	107	0
db_strains	20	gnl|Prokka|UHGG000109_64	ref	11794	0	11465	0
db_strains	20	gnl|Prokka|UHGG000109_64	snp	214	0	208	0
db_strains	20	gnl|Prokka|UHGG000109_65	ref	9690	0	9599	0
db_strains	20	gnl|Prokka|UHGG000109_65	snp	179	0	177	0
db_strains	20	gnl|Prokka|UHGG000109_66	ref	11967	1	7666	3
db_strains	20	gnl|Prokka|UHGG000109_66	snp	269	3	129	9
db_strains	20	gnl|Prokka|UHGG000109_67	ref	10774	0	1062	0
db_strains	20	gnl|Prokka|UHGG000109_67	snp	461	0	20	0
db_strains	20	gnl|Prokka|UHGG000109_68	ref	8167	0	4509	16
db_strains	20	gnl|Prokka|UHGG000109_68	snp	372	1	94	30
db_strains	20	gnl|Prokka|UHGG000109_69	ref	8372	0	4456	1
db_strains	20	gnl|Prokka|UHGG000109_69	snp	150	1	98	4
db_strains	20	gnl|Prokka|UHGG000109_7	ref	23124	6	18022	34
db_strains	20	gnl|Prokka|UHGG000109_7	snp	756	8	381	136
db_strains	20	gnl|Prokka|UHGG000109_70	ref	1216	0	1212	1
db_strains	20	gnl|Prokka|UHGG000109_70	snp	4	0	4	0
db_strains	20	gnl|Prokka|UHGG000109_71	ref	8505	1	7753	10
db_strains	20	gnl|Prokka|UHGG000109_71	snp	201	1	154	7
db_strains	20	gnl|Prokka|UHGG000109_72	ref	1765	0	1579	0
db_strains	20	gnl|Prokka|UHGG000109_72	snp	42	0	31	0
db_strains	20	gnl|Prokka|UHGG000109_74	ref	9479	0	9376	2
db_strains	20	gnl|Prokka|UHGG000109_74	snp	221	0	210	0
db_strains	20	gnl|Prokka|UHGG000109_75	ref	6632	0	2136	1
db_strains	20	gnl|Prokka|UHGG000109_75	snp	241	0	32	20
db_strains	20	gnl|Prokka|UHGG000109_76	ref	3047	0	0	0
db_strains	20	gnl|Prokka|UHGG000109_76	snp	88	0	0	0
db_strains	20	gnl|Prokka|UHGG000109_77	ref	9129	0	8628	1
db_strains	20	gnl|Prokka|UHGG000109_77	snp	191	0	159	2
db_strains	20	gnl|Prokka|UHGG000109_79	ref	5025	0	2160	0
db_strains	20	gnl|Prokka|UHGG000109_79	snp	140	0	58	0
db_strains	20	gnl|Prokka|UHGG000109_8	ref	27551	2	23757	20
db_strains	20	gnl|Prokka|UHGG000109_8	snp	747	3	485	59
db_strains	20	gnl|Prokka|UHGG000109_80	ref	7538	1	6574	5
db_strains	20	gnl|Prokka|UHGG000109_80	snp	184	1	110	16
db_strains	20	gnl|Prokka|UHGG000109_81	ref	4383	2	3794	16
db_strains	20	gnl|Prokka|UHGG000109_81	snp	126	0	86	16
db_strains	20	gnl|Prokka|UHGG000109_82	ref	7478	0	5857	0
db_strains	20	gnl|Prokka|UHGG000109_82	snp	252	0	117	0
db_strains	20	gnl|Prokka|UHGG000109_83	ref	8448	2	6878	5
db_strains	20	gnl|Prokka|UHGG000109_83	snp	227	0	139	7
db_strains	20	gnl|Prokka|UHGG000109_84	ref	6068	2	5939	17
db_strains	20	gnl|Prokka|UHGG000109_84	snp	134	2	99	13
db_strains	20	gnl|Prokka|UHGG000109_85	ref	5792	0	3197	11
db_strains	20	gnl|Prokka|UHGG000109_85	snp	159	0	68	13
db_strains	20	gnl|Prokka|UHGG000109_86	ref	8222	0	5876	2
db_strains	20	gnl|Prokka|UHGG000109_86	snp	155	1	116	6
db_strains	20	gnl|Prokka|UHGG000109_87	ref	5408	1	4475	12
db_strains	20	gnl|Prokka|UHGG000109_87	snp	116	1	50	35
db_strains	20	gnl|Prokka|UHGG000109_89	ref	7346	0	4638	2
db_strains	20	gnl|Prokka|UHGG000109_89	snp	204	0	98	0
db_strains	20	gnl|Prokka|UHGG000109_9	ref	50445	4	30625	52
db_strains	20	gnl|Prokka|UHGG000109_9	snp	1197	4	508	64
db_strains	20	gnl|Prokka|UHGG000109_90	ref	7590	4	7486	0
db_strains	20	gnl|Prokka|UHGG000109_90	snp	227	2	213	1
db_strains	20	gnl|Prokka|UHGG000109_91	ref	5916	0	3508	0
db_strains	20	gnl|Prokka|UHGG000109_91	snp	117	1	50	0
db_strains	20	gnl|Prokka|UHGG000109_92	ref	6607	4	1306	11
db_strains	20	gnl|Prokka|UHGG000109_92	snp	168	0	25	6
db_strains	20	gnl|Prokka|UHGG000109_94	ref	4509	2	2842	3
db_strains	20	gnl|Prokka|UHGG000109_94	snp	84	1	37	5
db_strains	20	gnl|Prokka|UHGG000109_95	ref	6480	0	5068	0
db_strains	20	gnl|Prokka|UHGG000109_95	snp	121	0	91	0
db_strains	20	gnl|Prokka|UHGG000109_96	ref	6305	1	4475	7
db_strains	20	gnl|Prokka|UHGG000109_96	snp	269	0	130	24
db_strains	20	gnl|Prokka|UHGG000109_97	ref	4160	0	2685	0
db_strains	20	gnl|Prokka|UHGG000109_97	snp	115	0	56	0
db_strains	20	gnl|Prokka|UHGG000109_98	ref	3440	0	3356	2
db_strains	20	gnl|Prokka|UHGG000109_98	snp	95	0	91	0
db_strains	50	gnl|Prokka|UHGG000109_1	ref	63574	5	53072	49
db_strains	50	gnl|Prokka|UHGG000109_1	snp	2019	5	1318	84
db_strains	50	gnl|Prokka|UHGG000109_10	ref	40681	2	37889	13
db_strains	50	gnl|Prokka|UHGG000109_10	snp	1094	0	728	15
db_strains	50	gnl|Prokka|UHGG000109_100	ref	3357	0	1062	3
db_strains	50	gnl|Prokka|UHGG000109_100	snp	110	0	29	0
db_strains	50	gnl|Prokka|UHGG000109_101	ref	4070	0	3987	2
db_strains	50	gnl|Prokka|UHGG000109_101	snp	155	0	151	0
db_strains	50	gnl|Prokka|UHGG000109_103	ref	5282	0	5220	5
db_strains	50	gnl|Prokka|UHGG000109_103	snp	173	0	160	0
db_strains	50	gnl|Prokka|UHGG000109_104	ref	4885	0	4640	0
db_strains	50	gnl|Prokka|UHGG000109_104	snp	161	0	137	0
db_strains	50	gnl|Prokka|UHGG000109_106	ref	864	0	593	0
db_strains	50	gnl|Prokka|UHGG000109_106	snp	38	0	13	1
db_strains	50	gnl|Prokka|UHGG000109_107	ref	3998	0	3990	0
db_strains	50	gnl|Prokka|UHGG000109_107	snp	89	0	89	0
db_strains	50	gnl|Prokka|UHGG000109_108	ref	4910	0	1535	12
db_strains	50	gnl|Prokka|UHGG000109_108	snp	153	0	27	13
db_strains	50	gnl|Prokka|UHGG000109_109	ref	530	0	0	0
db_strains	50	gnl|Prokka|UHGG000109_109	snp	12	0	0	0
db_strains	50	gnl|Prokka|UHGG000109_11	ref	40882	10	32009	52
db_strains	50	gnl|Prokka|UHGG000109_11	snp	1193	15	645	103
db_strains	50	gnl|Prokka|UHGG000109_112	ref	2310	0	2290	1
db_strains	50	gnl|Prokka|UHGG000109_112	snp	71	1	65	4
db_strains	50	gnl|Prokka|UHGG000109_113	ref	2957	0	2898	0
db_strains	50	gnl|Prokka|UHGG000109_113	snp	75	0	70	0
db_strains	50	gnl|Prokka|UHGG000109_119	ref	1434	0	410	1
db_strains	50	gnl|Prokka|UHGG000109_119	snp	34	0	1	4
db_strains	50	gnl|Prokka|UHGG000109_12	ref	53867	0	51134	10
db_strains	50	gnl|Prokka|UHGG000109_12	snp	1153	2	989	16
db_strains	50	gnl|Prokka|UHGG000109_121	ref	2280	1	2235	2
db_strains	50	gnl|Prokka|UHGG000109_121	snp	70	1	46	23
db_strains	50	gnl|Prokka|UHGG000109_123	ref	178	0	160	0
db_strains	50	gnl|Prokka|UHGG000109_123	snp	1	0	0	0
db_strains	50	gnl|Prokka|UHGG000109_124	ref	2354	0	2332	0
db_strains	50	gnl|Prokka|UHGG000109_124	snp	48	0	48	0
db_strains	50	gnl|Prokka|UHGG000109_127	ref	740	2	541	0
db_strains	50	gnl|Prokka|UHGG000109_127	snp	19	0	19	0
db_strains	50	gnl|Prokka|UHGG000109_129	ref	1841	0	1839	0
db_strains	50	gnl|Prokka|UHGG000109_129	snp	27	0	27	0
db_strains	50	gnl|Prokka|UHGG000109_13	ref	20737	7	14839	70
db_strains	50	gnl|Prokka|UHGG000109_13	snp	606	2	275	117
db_strains	50	gnl|Prokka|UHGG000109_131	ref	1665	0	1659	0
db_strains	50	gnl|Prokka|UHGG000109_131	snp	28	0	27	0
db_strains	50	gnl|Prokka|UHGG000109_132	ref	934	0	787	0
db_strains	50	gnl|Prokka|UHGG000109_132	snp	31	0	28	0
db_strains	50	gnl|Prokka|UHGG000109_133	ref	1694	0	401	1
db_strains	50	gnl|Prokka|UHGG000109_133	snp	17	0	1	0
db_strains	50	gnl|Prokka|UHGG000109_135	ref	1519	0	1123	0
db_strains	50	gnl|Prokka|UHGG000109_135	snp	47	0	32	0
db_strains	50	gnl|Prokka|UHGG000109_136	ref	1387	0	1110	3
db_strains	50	gnl|Prokka|UHGG000109_136	snp	37	0	24	2
db_strains	50	gnl|Prokka|UHGG000109_14	ref	35915	2	26546	61
db_strains	50	gnl|Prokka|UHGG000109_14	snp	1068	1	562	128
db_strains	50	gnl|Prokka|UHGG000109_141	ref	132	0	0	0
db_strains	50	gnl|Prokka|UHGG000109_141	snp	3	0	0	0
db_strains	50	gnl|Prokka|UHGG000109_142	ref	1021	0	1004	0
db_strains	50	gnl|Prokka|UHGG000109_142	snp	17	0	17	0
db_strains	50	gnl|Prokka|UHGG000109_146	ref	728	0	574	0
db_strains	50	gnl|Prokka|UHGG000109_146	snp	17	0	13	0
db_strains	50	gnl|Prokka|UHGG000109_15	ref	42576	1	37012	0
db_strains	50	gnl|Prokka|UHGG000109_15	snp	859	1	730	5
db_strains	50	gnl|Prokka|UHGG000109_153	ref	503	0	0	0
db_strains	50	gnl|Prokka|UHGG000109_153	snp	11	0	0	0
db_strains	50	gnl|Prokka|UHGG000109_157	ref	286	0	0	0
db_strains	50	gnl|Prokka|UHGG000109_157	snp	7	0	0	0
db_strains	50	gnl|Prokka|UHGG000109_16	ref	42451	1	36725	37
db_strains	50	gnl|Prokka|UHGG000109_16	snp	1088	2	786	35
db_strains	50	gnl|Prokka|UHGG000109_163	ref	376	0	0	0
db_strains	50	gnl|Prokka|UHGG000109_163	snp	6	0	0	0
db_strains	50	gnl|Prokka|UHGG000109_17	ref	40714	2	33503	29
db_strains	50	gnl|Prokka|UHGG000109_17	snp	1352	2	799	105
db_strains	50	gnl|Prokka|UHGG000109_177	ref	136	0	0	0
db_strains	50	gnl|Prokka|UHGG000109_177	snp	3	0	0	0
db_strains	50	gnl|Prokka|UHGG000109_18	ref	31499	4	17019	42
db_strains	50	gnl|Prokka|UHGG000109_18	snp	794	1	273	83
db_strains	50	gnl|Prokka|UHGG000109_19	ref	29768	1	28454	5
db_strains	50	gnl|Prokka|UHGG000109_19	snp	729	3	599	7
db_strains	50	gnl|Prokka|UHGG000109_2	ref	22709	0	22187	5
db_strains	50	gnl|Prokka|UHGG000109_2	snp	550	0	490	0
db_strains	50	gnl|Prokka|UHGG000109_20	ref	34031	2	23819	56
db_strains	50	gnl|Prokka|UHGG000109_20	snp	1087	3	396	245
db_strains	50	gnl|Prokka|UHGG000109_21	ref	34730	0	30540	21
db_strains	50	gnl|Prokka|UHGG000109_21	snp	778	0	526	94
db_strains	50	gnl|Prokka|UHGG000109_22	ref	32843	0	32439	5
db_strains	50	gnl|Prokka|UHGG000109_22	snp	747	0	665	8
db_strains	50	gnl|Prokka|UHGG000109_23	ref	27113	2	19785	53
db_strains	50	gnl|Prokka|UHGG000109_23	snp	870	2	391	113
db_strains	50	gnl|Prokka|UHGG000109_24	ref	29796	0	29102	1
db_strains	50	gnl|Prokka|UHGG000109_24	snp	472	0	457	0
db_strains	50	gnl|Prokka|UHGG000109_25	ref	25904	2	15928	14
db_strains	50	gnl|Prokka|UHGG000109_25	snp	831	3	355	33
db_strains	50	gnl|Prokka|UHGG000109_26	ref	24260	2	16430	39
db_strains	50	gnl|Prokka|UHGG000109_26	snp	650	2	277	73
db_strains	50	gnl|Prokka|UHGG000109_27	ref	20123	6	14520	27
db_strains	50	gnl|Prokka|UHGG000109_27	snp	479	2	261	57
db_strains	50	gnl|Prokka|UHGG000109_28	ref	27114	1	19660	22
db_strains	50	gnl|Prokka|UHGG000109_28	snp	882	3	476	71
db_strains	50	gnl|Prokka|UHGG000109_29	ref	25718	0	23499	4
db_strains	50	gnl|Prokka|UHGG000109_29	snp	734	0	589	7
db_strains	50	gnl|Prokka|UHGG000109_3	ref	57147	4	39911	77
db_strains	50	gnl|Prokka|UHGG000109_3	snp	1501	6	913	109
db_strains	50	gnl|Prokka|UHGG000109_30	ref	24120	4	14668	22
db_strains	50	gnl|Prokka|UHGG000109_30	snp	780	2	308	50
db_strains	50	gnl|Prokka|UHGG000109_31	ref	24688	1	12855	22
db_strains	50	gnl|Prokka|UHGG000109_31	snp	574	0	191	45
db_strains	50	gnl|Prokka|UHGG000109_32	ref	20661	3	18816	13
db_strains	50	gnl|Prokka|UHGG000109_32	snp	460	3	342	18
db_strains	50	gnl|Prokka|UHGG000109_33	ref	24003	6	18815	35
db_strains	50	gnl|Prokka|UHGG000109_33	snp	588	3	315	53
db_strains	50	gnl|Prokka|UHGG000109_35	ref	21880	1	18930	13
db_strains	50	gnl|Prokka|UHGG000109_35	snp	637	1	420	26
db_strains	50	gnl|Prokka|UHGG000109_36	ref	19412	4	16481	10
db_strains	50	gnl|Prokka|UHGG000109_36	snp	493	2	305	31
db_strains	50	gnl|Prokka|UHGG000109_37	ref	20254	2	12322	34
db_strains	50	gnl|Prokka|UHGG000109_37	snp	610	4	212	49
db_strains	50	gnl|Prokka|UHGG000109_38	ref	21506	2	20330	11
db_strains	50	gnl|Prokka|UHGG000109_38	snp	491	4	391	35
db_strains	50	gnl|Prokka|UHGG000109_39	ref	6274	1	4549	25
db_strains	50	gnl|Prokka|UHGG000109_39	snp	201	2	125	17
db_strains	50	gnl|Prokka|UHGG000109_4	ref	57033	5	42534	29
db_strains	50	gnl|Prokka|UHGG000109_4	snp	1515	8	1025	52
db_strains	50	gnl|Prokka|UHGG000109_40	ref	12072	4	10167	7
db_strains	50	gnl|Prokka|UHGG000109_40	snp	456	0	303	0
db_strains	50	gnl|Prokka|UHGG000109_41	ref	18268	0	17120	17
db_strains	50	gnl|Prokka|UHGG000109_41	snp	535	1	453	16
db_strains	50	gnl|Prokka|UHGG000109_42	ref	15371	0	14088	4
db_strains	50	gnl|Prokka|UHGG000109_42	snp	304	4	237	4
db_strains	50	gnl|Prokka|UHGG000109_43	ref	13777	2	11032	24
db_strains	50	gnl|Prokka|UHGG000109_43	snp	319	3	219	28
db_strains	50	gnl|Prokka|UHGG000109_44	ref	11558	2	9103	15
db_strains	50	gnl|Prokka|UHGG000109_44	snp	439	3	257	17
db_strains	50	gnl|Prokka|UHGG000109_45	ref	13344	0	8656	31
db_strains	50	gnl|Prokka|UHGG000109_45	snp	494	3	165	81
db_strains	50	gnl|Prokka|UHGG000109_46	ref	15489	1	12517	11
db_strains	50	gnl|Prokka|UHGG000109_46	snp	435	0	293	9
db_strains	50	gnl|Prokka|UHGG000109_47	ref	2624	0	2499	0
db_strains	50	gnl|Prokka|UHGG000109_47	snp	88	0	74	0
db_strains	50	gnl|Prokka|UHGG000109_48	ref	16711	0	14633	2
db_strains	50	gnl|Prokka|UHGG000109_48	snp	373	1	267	4
db_strains	50	gnl|Prokka|UHGG000109_49	ref	16697	0	12877	0
db_strains	50	gnl|Prokka|UHGG000109_49	snp	182	0	116	0
db_strains	50	gnl|Prokka|UHGG000109_5	ref	56996	2	53970	4
db_strains	50	gnl|Prokka|UHGG000109_5	snp	1389	0	1158	1
db_strains	50	gnl|Prokka|UHGG000109_50	ref	10840	0	8665	3
db_strains	50	gnl|Prokka|UHGG000109_50	snp	281	0	166	3
db_strains	50	gnl|Prokka|UHGG000109_51	ref	11724	0	8820	0
db_strains	50	gnl|Prokka|UHGG000109_51	snp	321	0	203	4
db_strains	50	gnl|Prokka|UHGG000109_53	ref	14782	0	12448	0
db_strains	50	gnl|Prokka|UHGG000109_53	snp	319	0	262	0
db_strains	50	gnl|Prokka|UHGG000109_55	ref	7300	3	5780	8
db_strains	50	gnl|Prokka|UHGG000109_55	snp	295	1	136	6
db_strains	50	gnl|Prokka|UHGG000109_56	ref	14165	0	13875	19
db_strains	50	gnl|Prokka|UHGG000109_56	snp	460	3	401	24
db_strains	50	gnl|Prokka|UHGG000109_57	ref	1749	0	1748	1
db_strains	50	gnl|Prokka|UHGG000109_57	snp	53	0	53	0
db_strains	50	gnl|Prokka|UHGG000109_58	ref	13674	2	11303	11
db_strains	50	gnl|Prokka|UHGG000109_58	snp	271	6	179	28
db_strains	50	gnl|Prokka|UHGG000109_59	ref	11205	0	9667	9
db_strains	50	gnl|Prokka|UHGG000109_59	snp	336	1	241	17
db_strains	50	gnl|Prokka|UHGG000109_6	ref	47524	7	30580	60
db_strains	50	gnl|Prokka|UHGG000109_6	snp	1530	11	650	132
db_strains	50	gnl|Prokka|UHGG000109_60	ref	11424	0	10568	0
db_strains	50	gnl|Prokka|UHGG000109_60	snp	254	1	227	2
db_strains	50	gnl|Prokka|UHGG000109_61	ref	13195	2	8515	20
db_strains	50	gnl|Prokka|UHGG000109_61	snp	290	2	105	46
db_strains	50	gnl|Prokka|UHGG000109_63	ref	4139	0	4127	0
db_strains	50	gnl|Prokka|UHGG000109_63	snp	113	0	111	0
db_strains	50	gnl|Prokka|UHGG000109_64	ref	11794	0	11618	0
db_strains	50	gnl|Prokka|UHGG000109_64	snp	214	0	210	0
db_strains	50	gnl|Prokka|UHGG000109_65	ref	9690	0	9690	0
db_strains	50	gnl|Prokka|UHGG000109_65	snp	179	0	178	0
db_strains	50	gnl|Prokka|UHGG000109_66	ref	11967	1	8756	3
db_strains	50	gnl|Prokka|UHGG000109_66	snp	269	3	138	17
db_strains	50	gnl|Prokka|UHGG000109_67	ref	10774	0	1369	0
db_strains	50	gnl|Prokka|UHGG000109_67	snp	461	0	27	0
db_strains	50	gnl|Prokka|UHGG000109_68	ref	8167	0	5584	18
db_strains	50	gnl|Prokka|UHGG000109_68	snp	372	1	129	37
db_strains	50	gnl|Prokka|UHGG000109_69	ref	8372	0	5404	6
db_strains	50	gnl|Prokka|UHGG000109_69	snp	150	0	113	11
db_strains	50	gnl|Prokka|UHGG000109_7	ref	23124	2	20413	42
db_strains	50	gnl|Prokka|UHGG000109_7	snp	756	6	443	148
db_strains	50	gnl|Prokka|UHGG000109_70	ref	1216	0	1215	1
db_strains	50	gnl|Prokka|UHGG000109_70	snp	4	0	4	0
db_strains	50	gnl|Prokka|UHGG000109_71	ref	8505	5	8182	10
db_strains	50	gnl|Prokka|UHGG000109_71	snp	201	3	172	6
db_strains	50	gnl|Prokka|UHGG000109_72	ref	1765	0	1600	0
db_strains	50	gnl|Prokka|UHGG000109_72	snp	42	0	33	0
db_strains	50	gnl|Prokka|UHGG000109_74	ref	9479	0	9465	4
db_strains	50	gnl|Prokka|UHGG000109_74	snp	221	0	218	0
db_strains	50	gnl|Prokka|UHGG000109_75	ref	6632	3	3234	6
db_strains	50	gnl|Prokka|UHGG000109_75	snp	241	0	53	31
db_strains	50	gnl|Prokka|UHGG000109_76	ref	3047	0	0	0
db_strains	50	gnl|Prokka|UHGG000109_76	snp	88	0	0	0
db_strains	50	gnl|Prokka|UHGG000109_77	ref	9129	0	8664	1
db_strains	50	gnl|Prokka|UHGG000109_77	snp	191	0	163	2
db_strains	50	gnl|Prokka|UHGG000109_79	ref	5025	0	2512	0
db_strains	50	gnl|Prokka|UHGG000109_79	snp	140	0	69	0
db_strains	50	gnl|Prokka|UHGG000109_8	ref	27551	2	25057	19
db_strains	50	gnl|Prokka|UHGG000109_8	snp	747	3	546	61
db_strains	50	gnl|Prokka|UHGG000109_80	ref	7538	0	7094	6
db_strains	50	gnl|Prokka|UHGG000109_80	snp	184	1	128	18
db_strains	50	gnl|Prokka|UHGG000109_81	ref	4383	0	4177	16
db_strains	50	gnl|Prokka|UHGG000109_81	snp	126	1	96	18
db_strains	50	gnl|Prokka|UHGG000109_82	ref	7478	0	6343	2
db_strains	50	gnl|Prokka|UHGG000109_82	snp	252	0	143	3
db_strains	50	gnl|Prokka|UHGG000109_83	ref	8448	1	7713	6
db_strains	50	gnl|Prokka|UHGG000109_83	snp	227	0	163	14
db_strains	50	gnl|Prokka|UHGG000109_84	ref	6068	1	5976	19
db_strains	50	gnl|Prokka|UHGG000109_84	snp	134	1	105	16
db_strains	50	gnl|Prokka|UHGG000109_85	ref	5792	2	3806	12
db_strains	50	gnl|Prokka|UHGG000109_85	snp	159	0	81	17
db_strains	50	gnl|Prokka|UHGG000109_86	ref	8222	0	6415	5
db_strains	50	gnl|Prokka|UHGG000109_86	snp	155	2	123	5
db_strains	50	gnl|Prokka|UHGG000109_87	ref	5408	2	4670	16
db_strains	50	gnl|Prokka|UHGG000109_87	snp	116	0	52	37
db_strains	50	gnl|Prokka|UHGG000109_89	ref	7346	0	5525	2
db_strains	50	gnl|Prokka|UHGG000109_89	snp	204	1	122	0
db_strains	50	gnl|Prokka|UHGG000109_9	ref	50445	2	35285	46
db_strains	50	gnl|Prokka|UHGG000109_9	snp	1197	1	623	74
db_strains	50	gnl|Prokka|UHGG000109_90	ref	7590	1	7541	0
db_strains	50	gnl|Prokka|UHGG000109_90	snp	227	0	220	1
db_strains	50	gnl|Prokka|UHGG000109_91	ref	5916	2	4804	2
db_strains	50	gnl|Prokka|UHGG000109_91	snp	117	0	75	6
db_strains	50	gnl|Prokka|UHGG000109_92	ref	6607	4	1904	17
db_strains	50	gnl|Prokka|UHGG000109_92	snp	168	0	26	14
db_strains	50	gnl|Prokka|UHGG000109_94	ref	4509	0	3220	2
db_strains	50	gnl|Prokka|UHGG000109_94	snp	84	0	46	4
db_strains	50	gnl|Prokka|UHGG000109_95	ref	6480	0	5142	0
db_strains	50	gnl|Prokka|UHGG000109_95	snp	121	0	91	0
db_strains	50	gnl|Prokka|UHGG000109_96	ref	6305	1	5015	7
db_strains	50	gnl|Prokka|UHGG000109_96	snp	269	3	157	20
db_strains	50	gnl|Prokka|UHGG000109_97	ref	4160	0	2995	0
db_strains	50	gnl|Prokka|UHGG000109_97	snp	115	0	64	0
db_strains	50	gnl|Prokka|UHGG000109_98	ref	3440	0	3418	2
db_strains	50	gnl|Prokka|UHGG000109_98	snp	95	0	95	0
